id,street,length,start_latitude,start_longitude,end_latitude,end_longitude,max_speed
1132,Cicero,1.01,41.8367473974,-87.7439318058,41.8221415535,-87.7437722696,30
1133,Cicero,1.00,41.8512451897,-87.7444337191,41.8367473974,-87.7439318058,20
1134,Cicero,1.02,41.8659627382,-87.7449852043,41.8512451897,-87.7444337191,20
1151,Harlem,1.01,41.8796992839,-87.8045488066,41.8942683013,-87.8051007941,25
1152,Harlem,1.01,41.8942683013,-87.8051007941,41.9088560337,-87.8055536529,25
1153,Harlem,1.00,41.9538138239,-87.8071497455,41.9683436725,-87.8069823878,30
1178,57th,0.37,41.7925056725,-87.5838907781,41.7922806244,-87.5803028186,35
1181,57th,0.37,41.7925550314,-87.5802996067,41.7927800797,-87.5838875815,35
1182,Broadway,0.88,41.9854613518,-87.6599416534,41.9982075605,-87.6601728465,25
1183,Sheridan,0.52,41.9982075605,-87.6601728465,42.0055389804,-87.6607357537,25
1184,Sheridan,0.52,42.0055389804,-87.6607357537,42.0128288601,-87.6632694105,25
1185,Broadway,0.88,41.9982097226,-87.6605728465,41.9854635087,-87.6603094445,25
1186,Sheridan,0.52,42.0055411356,-87.6611036606,41.9982097226,-87.6605728465,25
1187,Sheridan,0.52,42.0128310075,-87.6636373596,42.0055411356,-87.6611036606,25
1188,Clark,0.16,41.9867518859,-87.6695265292,41.9896973587,-87.6697997674,20
1189,Clark,0.16,41.9896994841,-87.6701675838,41.987541,-87.66971,20
1192,Dr Martin L King Jr,0.25,41.8493482767,-87.6181586591,41.8530007099,-87.619411,20
1193,Dr Martin L King Jr,0.25,41.8530029925,-87.6192241821,41.8493505614,-87.6185256664,20
1211,Halsted,0.50,41.801585,-87.645156,41.808864,-87.645349,30
1212,Halsted,0.50,41.808864,-87.645349,41.816184,-87.645535,30
1213,Halsted,0.50,41.816184,-87.645535,41.823458,-87.645736,30
1214,Halsted,0.50,41.823458,-87.645736,41.83075,-87.645915,30
1215,Halsted,0.50,41.83075,-87.645915,41.838046,-87.646086,30
1216,Halsted,0.63,41.838046,-87.646086,41.847196,-87.646297,50
1217,Halsted,0.40,41.847196,-87.646297,41.852646,-87.646305,50
1218,Halsted,0.50,41.852646,-87.646305,41.859912,-87.646517,30
1219,Halsted,0.50,41.859912,-87.646517,41.867152,-87.646729,30
1220,Halsted,0.50,41.867152,-87.646729,41.874338,-87.646935,20
1299,LaSalle,0.60,41.886928,-87.632584,41.878134,-87.632357,30
1300,Jackson,0.54,41.877947,-87.647241,41.878077,-87.636914,45
1303,Balbo,0.52,41.873356,-87.617312,41.873192,-87.627565,30
1304,Harrison,0.40,41.874238,-87.647125,41.874238,-87.639487,55
1305,Harrison,0.60,41.874652,-87.627611,41.874538,-87.639487,35
1306,Clark,0.50,41.867374,-87.630336,41.874521,-87.630574,30
1307,Clark,0.50,41.874521,-87.630774,41.867374,-87.630536,30
1308,Harrison,0.60,41.874238,-87.639487,41.874452,-87.627611,30
1309,Harrison,0.40,41.874538,-87.639487,41.874438,-87.647125,55
974,Pershing,0.50,41.82324972,-87.67507424,41.82317531,-87.6849,30
975,Pershing,0.50,41.82327531,-87.66551,41.82324972,-87.67507424,30
1170,Harlem,1.01,41.8942683013,-87.8055007941,41.8796992839,-87.8049488066,25
1171,Harlem,1.01,41.9088560337,-87.8059536529,41.8942683013,-87.8055007941,25
1172,Harlem,1.00,41.9683436725,-87.8073823878,41.9538138239,-87.8075497455,30
1173,Indiana,0.30,41.6591062937,-87.618270448,41.663379309,-87.6174865167,30
1245,Halsted,0.50,41.794301,-87.64535,41.787025,-87.64516,30
1246,Halsted,0.50,41.801585,-87.645536,41.794301,-87.64535,30
1247,Halsted,0.50,41.808864,-87.645729,41.801585,-87.645536,30
1248,Halsted,0.50,41.816184,-87.645915,41.808864,-87.645729,30
1249,Halsted,0.50,41.823458,-87.646116,41.816184,-87.645915,30
1250,Halsted,0.50,41.83075,-87.646295,41.823458,-87.646116,30
1251,Halsted,0.50,41.838046,-87.646466,41.83075,-87.646295,30
1252,Halsted,0.63,41.847196,-87.646677,41.838046,-87.646466,50
1253,Halsted,0.40,41.852646,-87.646685,41.847196,-87.646677,50
1254,Halsted,0.50,41.859912,-87.646897,41.852646,-87.646685,30
1255,Halsted,0.50,41.867152,-87.647109,41.859912,-87.646897,30
1256,Halsted,0.50,41.874338,-87.647315,41.867152,-87.647109,20
1257,Halsted,0.52,41.881776,-87.647551,41.874338,-87.647315,55
1258,Halsted,0.65,41.891185,-87.647807,41.881776,-87.647551,45
1259,Halsted,0.35,41.896397,-87.647935,41.891185,-87.647807,25
1260,Halsted,0.50,41.903636,-87.648284,41.896397,-87.647935,30
1261,Halsted,0.50,41.91092,-87.648463,41.903636,-87.648284,30
1262,Halsted,0.50,41.91818,-87.648698,41.91092,-87.648463,30
1263,Halsted,0.50,41.925454,-87.64895,41.91818,-87.648698,20
1264,Halsted,0.50,41.932719,-87.6492,41.925454,-87.64895,30
1265,Halsted,0.50,41.939979,-87.649457,41.932719,-87.6492,30
1266,Halsted,0.50,41.947316,-87.649676,41.939979,-87.649457,30
1267,Halsted,0.50,41.954562,-87.649889,41.947316,-87.649676,30
1268,Indiana,0.30,41.66330931,-87.617866,41.65900629,-87.618769,30
1280,Columbus,0.45,41.884414,-87.620542,41.891002,-87.620124,20
1285,Chicago,0.37,41.896635,-87.624241,41.896736,-87.617048,40
1286,Chicago,0.43,41.896835,-87.624241,41.896714,-87.632709,20
1287,Chicago,0.43,41.896514,-87.632709,41.896635,-87.624241,20
1288,Chicago,0.77,41.896714,-87.632709,41.896497,-87.647745,30
1289,Chicago,0.77,41.896297,-87.647745,41.896514,-87.632709,30
1290,Chicago,0.40,41.896497,-87.647745,41.896367,-87.655452,25
1291,Chicago,0.40,41.896167,-87.655452,41.896297,-87.647745,25
1292,State,0.56,41.867413,-87.627318,41.875639,-87.627518,30
1293,State,0.56,41.875639,-87.627718,41.867413,-87.627518,30
1294,State,0.77,41.875639,-87.627518,41.886813,-87.627876,30
1295,State,0.77,41.886813,-87.628076,41.875639,-87.627718,30
1296,State,0.68,41.886813,-87.627876,41.896677,-87.628098,30
1297,State,0.68,41.896677,-87.628298,41.886813,-87.628076,30
1298,LaSalle,0.60,41.878134,-87.632157,41.886928,-87.632384,30
493,Archer,0.51,41.7922277907,-87.7817895727,41.7940678353,-87.772082715,30
494,Archer,0.51,41.7940678353,-87.772082715,41.7955741737,-87.7624030192,30
495,Archer,0.51,41.7955741737,-87.7624030192,41.7970886104,-87.7526573727,30
496,Archer,0.51,41.7970886104,-87.7526573727,41.7985004459,-87.7429034455,30
976,Pershing,1.00,41.82359009,-87.64595204,41.82327531,-87.66551,30
977,Pershing,0.80,41.82391453,-87.63050842,41.82359009,-87.64595204,55
978,Pershing,0.38,41.82401853,-87.62644842,41.82391453,-87.63050842,55
979,Pershing,0.54,41.82407853,-87.61699842,41.82401853,-87.62644842,30
980,Pershing,0.52,41.82407853,-87.60689442,41.82407853,-87.61699842,30
985,Torrence,0.62,41.700977697,-87.5597578004,41.6919421101,-87.559645328,30
986,Torrence,0.50,41.7081692089,-87.5598487355,41.700977697,-87.5597578004,30
987,Torrence,0.50,41.7154067044,-87.5599585029,41.7081692089,-87.5598487355,30
994,Touhy,0.50,42.0113219108,-87.8163277341,42.0115794459,-87.8065782442,30
997,Touhy,0.79,42.0118012997,-87.788844102,42.0117270439,-87.7734085578,35
1000,Touhy,1.00,42.0115985088,-87.7285988897,42.0117196518,-87.7090567368,35
1001,Touhy,0.47,42.0117196518,-87.7090567368,42.0119763841,-87.6997466265,25
1003,Touhy,0.36,42.0121628852,-87.6902422854,42.0121053665,-87.6830672906,30
1118,111th,1.02,41.6919163675,-87.6811537636,41.6917049977,-87.7008263623,25
1124,Cicero,0.99,41.7201471215,-87.7406249198,41.7344603497,-87.740933,30
1221,Halsted,0.52,41.874338,-87.646935,41.881776,-87.647171,55
1222,Halsted,0.65,41.881776,-87.647171,41.891185,-87.647427,45
1223,Halsted,0.35,41.891185,-87.647427,41.896397,-87.647555,25
1224,Halsted,0.50,41.896397,-87.647555,41.903636,-87.647904,30
1225,Halsted,0.50,41.903636,-87.647904,41.91092,-87.648083,30
1226,Halsted,0.50,41.91092,-87.648083,41.91818,-87.648318,30
1227,Halsted,0.50,41.91818,-87.648318,41.925454,-87.64857,20
1228,Halsted,0.50,41.925454,-87.64857,41.932719,-87.64882,30
1229,Halsted,0.50,41.932719,-87.64882,41.939979,-87.649077,30
1230,Halsted,0.50,41.939979,-87.649077,41.947316,-87.649296,30
1231,Halsted,0.50,41.947316,-87.649296,41.954562,-87.649509,30
1232,Halsted,0.50,41.69964,-87.642797,41.692355,-87.642567,30
1233,Halsted,0.50,41.706916,-87.643023,41.69964,-87.642797,30
1234,Halsted,0.50,41.714215,-87.643194,41.706916,-87.643023,55
1235,Halsted,0.50,41.721458,-87.643402,41.714215,-87.643194,55
1236,Halsted,0.50,41.728767,-87.643606,41.721458,-87.643402,30
1237,Halsted,0.50,41.736073,-87.643756,41.728767,-87.643606,30
1238,Halsted,0.50,41.743359,-87.644021,41.736073,-87.643756,30
1239,Halsted,0.50,41.750643,-87.644233,41.743359,-87.644021,30
1240,Halsted,0.38,41.756089,-87.644373,41.750643,-87.644233,30
1241,Halsted,0.62,41.765201,-87.644601,41.756089,-87.644373,30
1242,Halsted,0.50,41.772472,-87.644787,41.765201,-87.644601,30
1243,Halsted,0.50,41.779751,-87.644977,41.772472,-87.644787,30
1244,Halsted,0.50,41.787025,-87.64516,41.779751,-87.644977,30
1301,Jackson,0.63,41.878077,-87.636914,41.87828,-87.624306,30
1302,Balbo,0.52,41.872992,-87.627565,41.873156,-87.617312,30
961,Ontario,0.20,41.8933239978,-87.6242206362,41.8932683712,-87.6281107904,30
962,Ontario,0.23,41.8932683712,-87.6281107904,41.8932027711,-87.6326364483,20
966,Pershing,0.50,41.82297531,-87.6849,41.82304972,-87.67507424,30
967,Pershing,0.50,41.82304972,-87.67507424,41.82307531,-87.66551,30
968,Pershing,1.00,41.82307531,-87.66551,41.82339009,-87.64595204,30
969,Pershing,0.80,41.82339009,-87.64595204,41.82371453,-87.63050842,55
970,Pershing,0.38,41.82371453,-87.63050842,41.82381853,-87.62644842,55
971,Pershing,0.54,41.82381853,-87.62644842,41.82387853,-87.61699842,30
972,Pershing,0.52,41.82387853,-87.61699842,41.82387853,-87.60689442,30
1052,Washington,0.47,41.8829113042,-87.6566669933,41.883031561,-87.647404773,30
1053,Washington,0.53,41.883031561,-87.647404773,41.883144306,-87.6370264614,30
1054,Washington,0.64,41.883144306,-87.6370264614,41.8831986058,-87.6244239148,30
1055,Randolph,0.32,41.8845180727,-87.6143562664,41.8846520046,-87.6206419402,20
1056,Randolph,0.19,41.8846520046,-87.6206419402,41.8846086464,-87.6244501884,20
1057,Randolph,0.65,41.8846086464,-87.6244501884,41.8845986991,-87.637068542,20
1058,Randolph,0.53,41.8845986991,-87.637068542,41.8844304739,-87.6474313736,30
1059,Randolph,0.47,41.8844304739,-87.6474313736,41.8842675466,-87.6567189866,30
1060,Randolph,0.34,41.8842675466,-87.6567189866,41.8842641098,-87.6633319571,30
1061,Washington,0.10,41.8842641098,-87.6633319571,41.8831805916,-87.6648232007,30
1062,Washington,0.10,41.8831805916,-87.6648232007,41.8834361798,-87.6668699742,30
1063,Washington,0.50,41.8834361798,-87.6668699742,41.8832841185,-87.6766889546,30
1081,127th,1.23,41.6631935046,-87.6413683477,41.6632816133,-87.6176632662,35
1082,130th,1.54,41.6589702239,-87.618454928,41.6598188126,-87.5888058664,55
1083,130th,1.53,41.6598188126,-87.5888058664,41.6590521297,-87.5592878166,55
1089,127th,1.23,41.6635560289,-87.6176602275,41.6634679215,-87.6413654096,35
1090,130th,1.54,41.6600932265,-87.5888027055,41.6592446397,-87.6184518931,55
1091,130th,1.53,41.6593265417,-87.5592845305,41.6600932265,-87.5888027055,55
1098,Cermak,1.04,41.8502380854,-87.8036133151,41.8507279962,-87.7834806928,35
1099,Cermak,1.00,41.8507279962,-87.7834806928,41.8507279962,-87.7634806928,20
1100,Cermak,1.00,41.8507279962,-87.7634806928,41.8512059248,-87.7442689094,20
1101,Cermak,0.25,41.8512059248,-87.7442689094,41.8512417062,-87.7394933319,20
1102,Cermak,1.04,41.8510024115,-87.7834783427,41.8505125016,-87.803611051,35
1103,Cermak,1.00,41.851385,-87.763913,41.8510024115,-87.7834783427,20
1104,Cermak,1.00,41.8514803382,-87.7442663916,41.851385,-87.763913,20
1105,Cermak,0.25,41.8515161194,-87.7394907937,41.8514803382,-87.7442663916,20
1115,111th,1.01,41.6912250073,-87.7202991601,41.6914305788,-87.7008290506,25
1116,111th,1.02,41.6914305788,-87.7008290506,41.6916419497,-87.6811565356,25
1117,111th,1.01,41.6917049977,-87.7008263623,41.6914994271,-87.7202965545,25
859,Higgins,0.58,41.9704709429,-87.7675609235,41.9733282922,-87.7782350055,25
860,Higgins,0.33,41.9688518136,-87.7614767729,41.9704709429,-87.7675609235,55
861,Illinois,0.23,41.890802544,-87.6325588172,41.8908659481,-87.6280379804,20
862,Illinois,0.20,41.8908659481,-87.6280379804,41.890933613,-87.6241289611,30
863,Illinois,0.20,41.890933613,-87.6241289611,41.8910035937,-87.6202254172,30
864,Illinois,0.30,41.8910035937,-87.6202254172,41.8911049219,-87.6142290945,40
866,Jefferson,0.51,41.8743970981,-87.6422453799,41.8817855514,-87.6424565074,35
867,Jefferson,0.35,41.8817855514,-87.6424565074,41.8844837459,-87.6426207291,30
871,LaSalle,0.32,41.8869326249,-87.6323022864,41.8915995768,-87.6323743203,5
872,LaSalle,0.35,41.8915995768,-87.6323743203,41.8966118812,-87.6325348871,30
873,LaSalle,0.50,41.8966118812,-87.6325348871,41.9038817979,-87.6327323363,30
874,LaSalle,0.50,41.9038817979,-87.6327323363,41.9111587862,-87.632960514,30
875,LaSalle,0.12,41.9111587862,-87.632960514,41.913031,-87.632772,25
876,LaSalle,0.08,41.9129095435,-87.6329312928,41.9132509892,-87.6315440404,25
877,LaSalle,0.28,41.9132509892,-87.6315440404,41.9128509892,-87.6268319095,40
878,LaSalle,0.32,41.891601818,-87.6327415777,41.8869348661,-87.6326695061,5
879,LaSalle,0.35,41.8966141219,-87.6329021476,41.891601818,-87.6327415777,30
880,LaSalle,0.50,41.9038840385,-87.6330996716,41.8966141219,-87.6329021476,30
881,LaSalle,0.50,41.9111610262,-87.6333278653,41.9038840385,-87.6330996716,30
882,LaSalle,0.12,41.913172,-87.632854,41.9111610262,-87.6333278653,25
883,LaSalle,0.08,41.9133832339,-87.6319113969,41.913172,-87.632854,25
884,LaSalle,0.28,41.9129419995,-87.6265992962,41.9133832339,-87.6319113969,40
886,Lake Shore Dr,0.20,41.7924166257,-87.580117873,41.7952180444,-87.5790082777,25
887,Lake Shore Dr,0.53,41.7952180444,-87.5790082777,41.8027381099,-87.5813917503,25
888,Lake Shore Dr,0.68,41.8027381099,-87.5813917503,41.8107917244,-87.5889190144,45
928,Milwaukee,0.75,41.9033408608,-87.6662786223,41.9104755299,-87.6773156389,55
929,Milwaukee,0.75,41.9104755299,-87.6773156389,41.9175685137,-87.6883646017,30
930,Milwaukee,0.79,41.9175685137,-87.6883646017,41.9247896604,-87.7002228515,25
931,Milwaukee,0.61,41.9901946296,-87.7808506377,41.9973513029,-87.7877063878,25
932,Milwaukee,1.20,41.9973513029,-87.7877063878,42.0119685688,-87.8009390602,25
933,Milwaukee,0.76,41.8962355211,-87.6555656519,41.8890222586,-87.6445003767,45
934,Milwaukee,0.75,41.903342994,-87.666645935,41.8962355211,-87.6555656519,45
935,Milwaukee,0.75,41.9104776279,-87.6776829823,41.903342994,-87.666645935,55
936,Milwaukee,0.75,41.9175705769,-87.6887320123,41.9104776279,-87.6776829823,30
937,Milwaukee,0.79,41.9247916859,-87.700590308,41.9175705769,-87.6887320123,25
938,Milwaukee,0.79,41.9319531692,-87.7124336581,41.9247916859,-87.700590308,25
939,Milwaukee,0.78,41.9391425051,-87.7241340948,41.9319531692,-87.7124336581,20
940,Milwaukee,0.78,41.9462450778,-87.7358107254,41.9391425051,-87.7241340948,25
941,Milwaukee,0.78,41.9534196096,-87.7474711222,41.9462450778,-87.7358107254,25
942,Milwaukee,0.62,41.960634303,-87.7546730264,41.9534196096,-87.7474711222,25
943,Milwaukee,0.59,41.9678453326,-87.7609588782,41.960634303,-87.7546730264,25
944,Milwaukee,0.65,41.9756560558,-87.7679223953,41.9678453326,-87.7609588782,25
945,Milwaukee,0.61,41.9829168191,-87.7745470464,41.9756560558,-87.7679223953,30
946,Milwaukee,0.61,41.9901963992,-87.7812184608,41.9829168191,-87.7745470464,25
947,Milwaukee,0.61,41.9973530508,-87.7880742452,41.9901963992,-87.7812184608,25
948,Milwaukee,1.20,42.0119685688,-87.8014390602,41.9973530508,-87.7880742452,25
949,Washington,0.50,41.8831334079,-87.686483181,41.8830349349,-87.696333691,30
950,Washington,0.50,41.8830349349,-87.696333691,41.8829315251,-87.7061691246,30
954,Ohio,0.23,41.8923816602,-87.637047557,41.8924145112,-87.6325726363,30
955,Ohio,0.23,41.8924145112,-87.6325726363,41.8924469959,-87.6280709409,20
956,Ohio,0.20,41.8924469959,-87.6280709409,41.8925430126,-87.6241579489,30
957,Ohio,0.20,41.8925430126,-87.6241579489,41.8925990544,-87.6202722384,30
960,Ontario,0.20,41.8934286118,-87.6202858565,41.8933239978,-87.6242206362,30
800,Stony Island,0.50,41.7442162163,-87.5854076784,41.7515184785,-87.5855768194,30
801,Stony Island,0.50,41.7515184785,-87.5855768194,41.7587831979,-87.585746426,30
802,Stony Island,0.50,41.7587831979,-87.585746426,41.7660854419,-87.5859156196,30
803,Stony Island,0.50,41.7660854419,-87.5859156196,41.7733498484,-87.5860344826,30
804,Stony Island,0.50,41.7733498484,-87.5860344826,41.7806524044,-87.5862545245,30
805,Stony Island,0.50,41.7806524044,-87.5862545245,41.7878796071,-87.5864754787,25
806,Stony Island,0.25,41.7878796071,-87.5864754787,41.7915685714,-87.5865342813,25
807,Stony Island,1.01,41.7223487458,-87.5853170018,41.7077704152,-87.5860949813,30
808,Stony Island,0.50,41.729613558,-87.5854357956,41.7223487458,-87.5853170018,30
809,Stony Island,0.50,41.7369158383,-87.5856049147,41.729613558,-87.5854357956,30
810,Stony Island,0.50,41.7442186009,-87.585774091,41.7369158383,-87.5856049147,30
811,Stony Island,0.50,41.7515208628,-87.5859432626,41.7442186009,-87.585774091,30
812,Stony Island,0.50,41.7587855819,-87.5861128958,41.7515208628,-87.5859432626,30
813,Stony Island,0.50,41.7660878258,-87.5862821566,41.7587855819,-87.5861128958,30
814,Stony Island,0.50,41.7733522321,-87.5864010353,41.7660878258,-87.5862821566,30
815,Stony Island,0.50,41.7806547878,-87.5866211188,41.7733522321,-87.5864010353,30
816,Stony Island,0.50,41.7878819901,-87.5868421143,41.7806547878,-87.5866211188,25
817,Stony Island,0.25,41.7915709546,-87.5869009635,41.7878819901,-87.5868421143,25
821,Torrence,0.62,41.6919396448,-87.5592792181,41.7009752315,-87.5593916356,30
822,Torrence,0.50,41.7009752315,-87.5593916356,41.7081667435,-87.5594825555,30
823,Torrence,0.50,41.7081667435,-87.5594825555,41.7154042389,-87.5595922635,30
824,Milwaukee,0.59,41.9606324493,-87.7543053641,41.9678434988,-87.7605911887,25
825,Milwaukee,0.65,41.9678434988,-87.7605911887,41.975654244,-87.7675546457,25
826,Milwaukee,0.61,41.975654244,-87.7675546457,41.9829150282,-87.774179251,30
827,Milwaukee,0.61,41.9829150282,-87.774179251,41.9901946296,-87.7808506377,25
828,Harlem,0.50,41.9754664535,-87.8068343518,41.9827767713,-87.8067554164,30
829,Harlem,0.50,41.9827767713,-87.8067554164,41.9899782632,-87.8066960672,35
830,Harlem,0.54,41.9899782632,-87.8066960672,41.9977744341,-87.8066130746,30
831,Harlem,0.46,41.9977744341,-87.8066130746,42.0044647335,-87.8065204549,30
832,Harlem,0.50,42.0044647335,-87.8065204549,42.0117135819,-87.8064419209,30
834,Harlem,0.51,41.7846892828,-87.801399484,41.7772923833,-87.8010821479,35
835,Harlem,0.50,41.7919400348,-87.8017113077,41.7846892828,-87.801399484,35
837,Harlem,0.51,41.9161706271,-87.8061752063,41.9088392194,-87.805936449,30
838,Harlem,0.54,41.9239935733,-87.8064286323,41.9161706271,-87.8061752063,30
839,Harlem,0.47,41.9308138672,-87.8066529833,41.9239935733,-87.8064286323,25
840,Harlem,0.50,41.9379889583,-87.8069118722,41.9308138672,-87.8066529833,30
841,Harlem,0.50,41.9452646537,-87.8071886569,41.9379889583,-87.8069118722,30
842,Harlem,0.59,41.9538807636,-87.8074731902,41.9452646537,-87.8071886569,30
843,Harlem,0.50,41.9754681394,-87.8072020843,41.9682613016,-87.8073175404,30
844,Harlem,0.50,41.9827784576,-87.8071231837,41.9754681394,-87.8072020843,30
845,Harlem,0.50,41.98997995,-87.8070638759,41.9827784576,-87.8071231837,35
846,Harlem,0.54,41.9977761215,-87.8069809576,41.98997995,-87.8070638759,30
847,Harlem,0.46,42.0044664214,-87.8068883617,41.9977761215,-87.8069809576,30
848,Harlem,0.50,42.0117152702,-87.8068098621,42.0044664214,-87.8068883617,30
850,Higgins,0.56,41.9809967484,-87.8069576478,41.9787314076,-87.7964600566,30
851,Higgins,0.47,41.9787314076,-87.7964600566,41.9761210286,-87.787859013,25
852,Higgins,0.53,41.9761210286,-87.787859013,41.9730538829,-87.7782373882,30
853,Higgins,0.58,41.9730538829,-87.7782373882,41.970196534,-87.7675633518,25
854,Higgins,0.33,41.970196534,-87.7675633518,41.968577405,-87.7614792272,55
856,Higgins,0.56,41.9790058174,-87.7964577516,41.9812711585,-87.8069553878,30
857,Higgins,0.47,41.9763954381,-87.7878566714,41.9790058174,-87.7964577516,25
858,Higgins,0.53,41.9733282922,-87.7782350055,41.9763954381,-87.7878566714,30
1276,Columbus,0.57,41.867512,-87.620301,41.875774,-87.620488,30
755,Ewing,0.59,41.7213286555,-87.5354182726,41.7128142135,-87.5354586494,45
756,Ewing,0.13,41.7229428303,-87.5367257051,41.7213286555,-87.5354182726,30
757,Grand,0.43,41.8917151045,-87.62806696,41.8916126007,-87.6325878656,20
758,Grand,0.20,41.8917303986,-87.6241461501,41.8917151045,-87.62806696,30
759,Grand,0.20,41.891798492,-87.6202037576,41.8917303986,-87.6241461501,30
760,Grand,0.30,41.89189994,-87.6142179735,41.891798492,-87.6202037576,40
762,Harlem,0.51,41.7772906843,-87.8007155573,41.7846875845,-87.8010328293,35
763,Harlem,0.50,41.7846875845,-87.8010328293,41.7919383373,-87.801344619,35
765,Harlem,0.51,41.9088375317,-87.8055690991,41.9161689398,-87.8058078034,30
766,Harlem,0.54,41.9161689398,-87.8058078034,41.9239918867,-87.8060612029,30
767,Harlem,0.47,41.9239918867,-87.8060612029,41.930812181,-87.8062855111,25
768,Harlem,0.50,41.930812181,-87.8062855111,41.9379872726,-87.8065443404,30
769,Harlem,0.50,41.9379872726,-87.8065443404,41.9452629688,-87.8068210943,30
770,Harlem,0.59,41.9452629688,-87.8068210943,41.9538790793,-87.8071055817,30
776,Peterson,0.50,41.9898734235,-87.7383865392,41.9900311655,-87.7286566934,30
777,Peterson,0.50,41.9900311655,-87.7286566934,41.9901159749,-87.7188702116,30
778,Peterson,0.39,41.9901159749,-87.7188702116,41.9902451513,-87.7111114564,25
779,Peterson,0.60,41.9902451513,-87.7111114564,41.9903007523,-87.6994001534,25
780,Peterson,0.49,41.9903007523,-87.6994001534,41.9903835167,-87.6896938259,30
781,Peterson,0.50,41.9903835167,-87.6896938259,41.9905502221,-87.6798605752,30
782,Peterson,0.39,41.9905502221,-87.6798605752,41.9906428343,-87.6721479065,30
783,Peterson,0.12,41.9900367205,-87.7483246455,41.9902977051,-87.7506659344,35
784,Peterson,0.51,41.99014783,-87.738383984,41.9900367205,-87.7483246455,35
785,Peterson,0.50,41.9903055715,-87.7286540964,41.99014783,-87.738383984,30
786,Peterson,0.50,41.9903903804,-87.7188675725,41.9903055715,-87.7286540964,30
787,Peterson,0.39,41.9905195564,-87.7111087839,41.9903903804,-87.7188675725,25
788,Peterson,0.60,41.9905751568,-87.6993974307,41.9905195564,-87.7111087839,25
789,Peterson,0.49,41.9906579206,-87.6896910614,41.9905751568,-87.6993974307,30
790,Peterson,0.50,41.9908246255,-87.6798577685,41.9906579206,-87.6896910614,30
791,Peterson,0.39,41.9909172373,-87.6721450666,41.9908246255,-87.6798577685,30
792,Ridge,0.63,41.9906428343,-87.6721479065,41.9849056913,-87.662406509,30
793,Hollywood,0.45,41.9849056913,-87.662406509,41.9852595517,-87.6535201163,40
795,Ridge,0.63,41.985180094,-87.6624036279,41.9909172373,-87.6721450666,30
796,Stony Island,1.01,41.7077680335,-87.5857288013,41.722346361,-87.5849507392,30
797,Stony Island,0.50,41.722346361,-87.5849507392,41.7296111731,-87.5850694771,30
798,Stony Island,0.50,41.7296111731,-87.5850694771,41.7369134537,-87.5852385693,30
799,Stony Island,0.50,41.7369134537,-87.5852385693,41.7442162163,-87.5854076784,30
1011,Touhy,0.50,42.0118538545,-87.8065759801,42.0115963199,-87.8163255119,30
1018,Touhy,0.47,42.0122507875,-87.6997439031,42.0119940558,-87.7090540535,25
1024,Wacker,0.35,41.8768042277,-87.6366594269,41.8819140751,-87.6367064128,30
1025,Wacker,0.26,41.8819140751,-87.6367064128,41.8857235783,-87.6367881652,30
1026,Wacker,0.11,41.8857235783,-87.6367881652,41.8868541443,-87.6352595929,30
1027,Wacker,0.15,41.8867180602,-87.6354447124,41.8867920358,-87.6324858898,30
1028,Wacker,0.23,41.8867920358,-87.6324858898,41.8866764518,-87.6279765117,30
1029,Wacker,0.19,41.8866764518,-87.6279765117,41.888028878,-87.6245792239,30
1031,Wacker,0.54,41.88802888,-87.62457922,41.88736263,-87.61402835,30
1033,Wacker,0.35,41.8819163019,-87.6370736078,41.8768064545,-87.6370265926,30
1034,Wacker,0.26,41.8857258051,-87.637155382,41.8819163019,-87.6370736078,30
1035,Wacker,0.11,41.886856376,-87.635626816,41.8857258051,-87.637155382,30
1036,Wacker,0.15,41.8870664305,-87.6324828907,41.8869924633,-87.6354417258,30
1037,Wacker,0.23,41.8869508682,-87.627973493,41.8870664305,-87.6324828907,30
1038,Wacker,0.19,41.8883032777,-87.6245761907,41.8869508682,-87.627973493,30
1040,Wacker,0.54,41.88763704,-87.61402527,41.88830328,-87.62457619,30
1049,Warren,0.50,41.8820947137,-87.6766645172,41.8822417003,-87.6668391286,30
1050,Warren,0.11,41.8822417003,-87.6668391286,41.8826899771,-87.664672601,30
1051,Washington,0.41,41.8826899771,-87.664672601,41.8829113042,-87.6566669933,30
1125,Cicero,1.01,41.82213967,-87.7434054086,41.8367455138,-87.7435648614,30
1126,Cicero,1.00,41.8367455138,-87.7435648614,41.8512433072,-87.7440666919,20
1127,Cicero,1.02,41.8512433072,-87.7440666919,41.865960857,-87.7446180929,20
527,Caldwell,0.59,42.00481724,-87.78226252,42.0119672,-87.78850216,30
528,Caldwell,0.96,41.99730108,-87.76650952,42.00481724,-87.78226252,30
529,Caldwell,0.15,41.996247,-87.764172,41.99730108,-87.76650952,30
530,Caldwell,0.79,41.99028834,-87.75093868,41.996247,-87.764172,60
531,Cermak,0.25,41.851235056,-87.7394692786,41.8513081643,-87.7345102484,25
612,Lake Shore Dr,0.67,41.8674673837,-87.6190382545,41.8579627613,-87.6167859369,40
615,Lake Shore Dr,0.53,41.88091881,-87.61767166,41.8732575,-87.61749612,40
616,Lake Shore Dr,0.30,41.8843899871,-87.6142285649,41.8809188072,-87.6176716636,20
737,Milwaukee,0.79,41.9247896604,-87.7002228515,41.9319511814,-87.7120661817,25
738,Milwaukee,0.78,41.9319511814,-87.7120661817,41.9391405545,-87.72376658,20
739,Milwaukee,0.78,41.9391405545,-87.72376658,41.9462431643,-87.7354431617,25
752,Ewing,0.59,41.71281167,-87.5350924196,41.7213261115,-87.5350520018,45
753,Ewing,0.13,41.7213261115,-87.5350520018,41.7229402903,-87.5363594103,30
889,Lake Shore Dr,1.05,41.9260849848,-87.6313938932,41.9113324426,-87.6261484121,40
890,Lake Shore Dr,0.51,41.9334278712,-87.6322220647,41.9260849848,-87.6313938932,40
891,Lake Shore Dr,0.58,41.9403863706,-87.6385898812,41.9334278712,-87.6322220647,40
892,Lake Shore Dr,0.62,41.9486508165,-87.6435427315,41.9403863706,-87.6385898812,40
893,Lake Shore Dr,0.42,41.9546587304,-87.644948865,41.9486508165,-87.6435427315,40
894,Lake Shore Dr,0.51,41.96200822,-87.64644589,41.9546587304,-87.644948865,40
895,Lake Shore Dr,0.52,41.9694059924,-87.6481529198,41.96200822,-87.64644589,40
896,Lake Shore Dr,0.51,41.9765966882,-87.6506507735,41.9694059924,-87.6481529198,30
898,Michigan,0.50,41.83834404,-87.62305669,41.84564219,-87.62343743,30
899,Michigan,0.50,41.84564219,-87.62343743,41.85285485,-87.62360876,45
900,Michigan,0.51,41.85285485,-87.62360876,41.860205,-87.62377822,30
903,Michigan,0.49,41.860205,-87.62377822,41.86745208,-87.62392868,30
904,Michigan,0.57,41.86745208,-87.62392868,41.875777,-87.624123,30
907,Michigan,0.60,41.875777,-87.624123,41.88447407,-87.62426376,20
908,Michigan,0.56,41.88447407,-87.62426376,41.892571,-87.623997,20
911,Michigan,0.84,41.892571,-87.623997,41.90082865,-87.62393627,40
912,Michigan,0.50,41.84564219,-87.62390743,41.83834404,-87.62363669,30
913,Michigan,0.50,41.85285485,-87.62410876,41.84564219,-87.62390743,45
914,Michigan,0.18,41.860205,-87.62423822,41.85285485,-87.62410876,30
917,Michigan,0.23,41.86745208,-87.62442868,41.860205,-87.62423822,30
918,Michigan,0.57,41.875777,-87.624605,41.86745208,-87.62442868,30
921,Michigan,0.25,41.88447407,-87.62465,41.875777,-87.624605,20
922,Michigan,0.56,41.892571,-87.624359,41.88447407,-87.62465,20
925,Michigan,0.84,41.90082865,-87.624408,41.892571,-87.624359,20
926,Milwaukee,0.76,41.8890200552,-87.6441331477,41.8962333529,-87.6551983919,45
927,Milwaukee,0.75,41.8962333529,-87.6551983919,41.9033408608,-87.6662786223,45
1200,Halsted,0.50,41.721458,-87.643022,41.728767,-87.643226,30
1201,Halsted,0.50,41.728767,-87.643226,41.736073,-87.643376,30
1202,Halsted,0.50,41.736073,-87.643376,41.743359,-87.643641,30
1203,Halsted,0.50,41.743359,-87.643641,41.750643,-87.643853,30
1204,Halsted,0.38,41.750643,-87.643853,41.756089,-87.643993,30
1205,Halsted,0.62,41.756089,-87.643993,41.765201,-87.644221,30
1206,Halsted,0.50,41.765201,-87.644221,41.772472,-87.644407,30
1207,Halsted,0.50,41.772472,-87.644407,41.779751,-87.644597,30
1208,Halsted,0.50,41.779751,-87.644597,41.787025,-87.64478,30
1209,Halsted,0.50,41.787025,-87.64478,41.794301,-87.64497,30
1210,Halsted,0.50,41.794301,-87.64497,41.801585,-87.645156,30
1269,Madison,0.64,41.882109,-87.624366,41.882014,-87.636891,30
1270,Madison,0.54,41.882014,-87.636891,41.881876,-87.647361,30
1271,Madison,0.50,41.881876,-87.647361,41.881715,-87.657142,30
1272,Madison,0.50,41.881515,-87.657142,41.881676,-87.647361,30
1273,Madison,0.50,41.881715,-87.657142,41.881554,-87.666802,30
1274,Madison,0.50,41.881354,-87.666802,41.881515,-87.657142,30
247,55th,0.50,41.7922117726,-87.7818067839,41.7924052792,-87.77206742,30
248,55th,0.50,41.79240528,-87.77206742,41.79240528,-87.76223503,30
249,55th,0.50,41.79240528,-87.76223503,41.79275062,-87.75250866,30
250,55th,0.54,41.7927506225,-87.7525086618,41.7928937616,-87.7419859962,30
251,55th,0.46,41.7928937616,-87.7419859962,41.792978773,-87.7329648143,30
487,111th,0.48,41.6925984414,-87.6329215921,41.6925071489,-87.6423633676,30
488,111th,0.61,41.6927563144,-87.6210363283,41.6925984414,-87.6329215921,30
489,111th,0.57,41.6929008891,-87.6098539827,41.6927563144,-87.6210363283,30
490,111th,0.57,41.6926493901,-87.5988095261,41.6929008891,-87.6098539827,55
491,Monterey,0.48,41.6917909971,-87.6704846195,41.692013,-87.663346,30
492,Monterey,0.48,41.692177,-87.663494,41.6920654143,-87.6704818022,30
497,Archer,0.51,41.7985004459,-87.7429034455,41.8000225514,-87.733172525,30
498,Archer,0.52,41.8000225514,-87.733172525,41.8021841928,-87.7234847773,30
499,Archer,0.62,41.8021841928,-87.7234847773,41.8077612143,-87.7140372137,20
500,Archer,0.66,41.8077612143,-87.7140372137,41.8139891446,-87.7042605902,20
501,Archer,0.64,41.8139891446,-87.7042605902,41.8198633558,-87.6944855458,30
502,Archer,0.64,41.8198633558,-87.6944855458,41.8258789119,-87.6848960158,30
503,Archer,0.63,41.8258789119,-87.6848960158,41.831689289,-87.675372871,30
504,Archer,0.63,41.831689289,-87.675372871,41.8375620822,-87.6657812595,55
505,Archer,1.19,41.8375620822,-87.6657812595,41.8470464552,-87.6465225077,50
506,Archer,0.72,41.8470464552,-87.6465225077,41.8527278475,-87.6348161557,25
508,Archer,0.51,41.79434225,-87.77208033,41.79250221,-87.78178721,30
509,Archer,0.51,41.79584859,-87.76240058,41.79434225,-87.77208033,30
510,Archer,0.51,41.79736303,-87.75265489,41.79584859,-87.76240058,30
511,Archer,0.51,41.79877485,-87.74290093,41.79736303,-87.75265489,30
512,Archer,0.51,41.80029696,-87.73316995,41.79877485,-87.74290093,30
513,Archer,0.52,41.80245859,-87.72348218,41.80029696,-87.73316995,30
514,Archer,0.62,41.80803564,-87.71403459,41.80245859,-87.72348218,20
515,Archer,0.66,41.81426355,-87.7042579,41.80803564,-87.71403459,20
516,Archer,0.64,41.82013776,-87.69448283,41.81426355,-87.7042579,30
517,Archer,0.64,41.82615333,-87.68489325,41.82013776,-87.69448283,30
518,Archer,0.63,41.8319637,-87.67537005,41.82615333,-87.68489325,30
519,Archer,0.63,41.83783649,-87.66577839,41.8319637,-87.67537005,55
520,Archer,1.19,41.84732087,-87.64651959,41.83783649,-87.66577839,50
521,Archer,0.72,41.85300225,-87.63481317,41.84732087,-87.64651959,25
525,Caldwell,0.15,41.997302901,-87.7668773678,41.9961393528,-87.7643967598,30
526,Caldwell,0.79,41.9961393528,-87.7643967598,41.9902902084,-87.751306501,60
456,95th,0.49,41.7217473,-87.6140942229,41.7219515062,-87.6045043683,25
457,95th,0.50,41.7219515062,-87.6045043683,41.722002538,-87.5947345466,25
458,95th,0.49,41.722002538,-87.5947345466,41.722204896,-87.5851090249,30
459,95th,0.50,41.722204896,-87.5851090249,41.7223678834,-87.5753681177,30
460,95th,0.80,41.7223678834,-87.5753681177,41.7225670698,-87.5598741328,30
463,95th,0.48,41.7211640089,-87.6727255878,41.7211025023,-87.6820569435,25
464,95th,0.52,41.7213323658,-87.6626317556,41.7211640089,-87.6727255878,30
465,95th,0.50,41.7214266197,-87.6529423406,41.7213323658,-87.6626317556,25
466,95th,0.50,41.7215954811,-87.6432218261,41.7214266197,-87.6529423406,30
467,95th,0.75,41.721847197,-87.6286359347,41.7215954811,-87.6432218261,30
468,95th,0.41,41.7219106219,-87.6205312155,41.721847197,-87.6286359347,55
469,95th,0.33,41.7220217125,-87.6140911627,41.7219106219,-87.6205312155,30
470,95th,0.49,41.7222259181,-87.6045012673,41.7220217125,-87.6140911627,25
471,95th,0.50,41.7222769494,-87.594731404,41.7222259181,-87.6045012673,25
472,95th,0.49,41.7224793067,-87.5851058414,41.7222769494,-87.594731404,30
473,95th,0.50,41.7226422935,-87.5753648927,41.7224793067,-87.5851058414,30
474,95th,0.80,41.7228414789,-87.5598708419,41.7226422935,-87.5753648927,30
477,111th,0.54,41.6916347471,-87.6811681063,41.6917886141,-87.6705815418,25
478,111th,0.41,41.6920250017,-87.663245,41.692109631,-87.6521384462,55
479,111th,0.50,41.692109631,-87.6521384352,41.6922327334,-87.6423663045,20
480,111th,0.48,41.6922327333,-87.6423662972,41.6923240264,-87.6329245691,30
481,111th,0.61,41.6923240265,-87.6329245801,41.6924819001,-87.6210393558,30
482,111th,0.57,41.6924819001,-87.6210393704,41.6926264754,-87.6098570578,30
483,111th,0.57,41.6926264754,-87.6098570614,41.6923749771,-87.5988126481,55
484,111th,0.54,41.6920630313,-87.670578725,41.6919091649,-87.6811653381,25
485,111th,0.41,41.6923840472,-87.6521355509,41.6922994183,-87.663399,55
486,111th,0.50,41.6925071489,-87.6423633676,41.6923840472,-87.6521355509,20
715,Dr Martin L King Jr,0.50,41.823826979,-87.6171719977,41.816636783,-87.6169661907,30
716,Dr Martin L King Jr,0.50,41.831103063,-87.6173371439,41.823826979,-87.6171719977,30
717,Dr Martin L King Jr,0.51,41.8384234955,-87.6174700788,41.831103063,-87.6173371439,30
718,Dr Martin L King Jr,0.50,41.8456997096,-87.6176590907,41.8384234955,-87.6174700788,30
719,Dr Martin L King Jr,0.26,41.8493409786,-87.6185005579,41.8456997096,-87.6176590907,45
721,Elston,0.62,41.9107515338,-87.6620211809,41.9186224793,-87.66795526,55
641,Cicero,0.50,41.8731401541,-87.7451745689,41.8659087662,-87.7449438098,20
642,Cicero,0.51,41.8804965805,-87.7454413862,41.8731401541,-87.7451745689,30
643,Cicero,0.51,41.8879223958,-87.7457075823,41.8804965805,-87.7454413862,30
644,Cicero,0.49,41.8949874728,-87.7459957206,41.8879223958,-87.7457075823,30
645,Cicero,0.51,41.9023434231,-87.746169799,41.8949874728,-87.7459957206,30
646,Cicero,0.50,41.9096295855,-87.7462702262,41.9023434231,-87.746169799,30
647,Cicero,0.50,41.9169319883,-87.7462962254,41.9096295855,-87.7462702262,20
648,Cicero,0.50,41.9242323024,-87.7464522852,41.9169319883,-87.7462962254,25
649,Cicero,0.50,41.9315334345,-87.7467756515,41.9242323024,-87.7464522852,20
650,Cicero,0.50,41.9388205094,-87.7470620151,41.9315334345,-87.7467756515,30
651,Cicero,0.50,41.9461208905,-87.7472367862,41.9388205094,-87.7470620151,30
652,Cicero,0.50,41.9534216145,-87.7474859561,41.9461208905,-87.7472367862,30
653,Cicero,0.61,41.9622573117,-87.7477582908,41.9534216145,-87.7474859561,55
656,Congress,0.17,41.8754846848,-87.6276307364,41.8755994887,-87.6242548163,30
660,Congress,0.17,41.8758738945,-87.624251783,41.8757590907,-87.6276277176,30
670,Cumberland,1.20,41.9666029184,-87.8364657943,41.9842190562,-87.8363972163,20
673,Cumberland,1.20,41.9842206477,-87.8367650119,41.9666029184,-87.8368335094,20
674,Ramp To Cermak Rd,0.50,41.8382721184,-87.6302516413,41.8455540437,-87.6309237336,45
679,Desplaines,0.50,41.8890317788,-87.6445439049,41.8818287714,-87.6442914709,30
680,Desplaines,0.51,41.8818287714,-87.6442914709,41.874374782,-87.6440417428,45
683,Dr Martin L King Jr,0.51,41.7218553843,-87.6139718105,41.7291900977,-87.6141896483,30
684,Dr Martin L King Jr,0.50,41.7291900977,-87.6141896483,41.7364992381,-87.6143079092,30
685,Dr Martin L King Jr,0.50,41.7364992381,-87.6143079092,41.743809104,-87.6145593931,30
686,Dr Martin L King Jr,0.50,41.743809104,-87.6145593931,41.7511190099,-87.6148109218,30
687,Dr Martin L King Jr,0.50,41.7511190099,-87.6148109218,41.7584029267,-87.6148962271,30
688,Dr Martin L King Jr,0.50,41.7584029267,-87.6148962271,41.7657125565,-87.6151145145,30
689,Dr Martin L King Jr,0.50,41.7657125565,-87.6151145145,41.7729467839,-87.615233728,55
690,Dr Martin L King Jr,0.50,41.7729467839,-87.615233728,41.7801815775,-87.6154529143,30
691,Dr Martin L King Jr,0.51,41.7801815775,-87.6154529143,41.7875159099,-87.6156377043,30
692,Dr Martin L King Jr,0.49,41.7875159099,-87.6156377043,41.7946755473,-87.615791142,30
693,Dr Martin L King Jr,0.51,41.7946755473,-87.615791142,41.8021096226,-87.6159748727,30
694,Dr Martin L King Jr,0.50,41.8021096226,-87.6159748727,41.8093848774,-87.6163943054,30
695,Dr Martin L King Jr,0.50,41.8093848774,-87.6163943054,41.8166344948,-87.6165993704,30
696,Dr Martin L King Jr,0.50,41.8166344948,-87.6165993704,41.823824691,-87.616805129,30
697,Dr Martin L King Jr,0.50,41.823824691,-87.616805129,41.8311007753,-87.6169702483,30
698,Dr Martin L King Jr,0.51,41.8311007753,-87.6169702483,41.8384212078,-87.6171031194,30
699,Dr Martin L King Jr,0.50,41.8384212078,-87.6171031194,41.8456974224,-87.6172921227,30
700,Dr Martin L King Jr,0.26,41.8456974224,-87.6172921227,41.8493386937,-87.618133536,45
702,Dr Martin L King Jr,0.51,41.7291923898,-87.6145559778,41.7218576767,-87.6143380874,30
703,Dr Martin L King Jr,0.50,41.7365015302,-87.6146742766,41.7291923898,-87.6145559778,30
704,Dr Martin L King Jr,0.50,41.7438113955,-87.6149257801,41.7365015302,-87.6146742766,30
705,Dr Martin L King Jr,0.50,41.751121301,-87.6151773651,41.7438113955,-87.6149257801,30
706,Dr Martin L King Jr,0.50,41.7584052178,-87.6152627045,41.751121301,-87.6151773651,30
707,Dr Martin L King Jr,0.50,41.7657148473,-87.6154810444,41.7584052178,-87.6152627045,30
708,Dr Martin L King Jr,0.50,41.7729490745,-87.6156002918,41.7657148473,-87.6154810444,45
709,Dr Martin L King Jr,0.50,41.7801838678,-87.6158195303,41.7729490745,-87.6156002918,45
710,Dr Martin L King Jr,0.51,41.7875182,-87.6160043658,41.7801838678,-87.6158195303,30
711,Dr Martin L King Jr,0.49,41.7946778372,-87.6161578443,41.7875182,-87.6160043658,30
712,Dr Martin L King Jr,0.51,41.8021119123,-87.6163416247,41.7946778372,-87.6161578443,30
713,Dr Martin L King Jr,0.50,41.809387166,-87.6167610807,41.8021119123,-87.6163416247,30
714,Dr Martin L King Jr,0.50,41.816636783,-87.6169661907,41.809387166,-87.6167610807,30
1196,Halsted,0.50,41.692355,-87.642187,41.69964,-87.642417,30
1197,Halsted,0.50,41.69964,-87.642417,41.706916,-87.642643,30
1198,Halsted,0.50,41.706916,-87.642643,41.714215,-87.642814,55
1199,Halsted,0.50,41.714215,-87.642814,41.721458,-87.643022,55
269,87th,0.50,41.7356644927,-87.6825126506,41.7355199254,-87.6921980271,20
270,87th,0.50,41.7357915897,-87.6727836177,41.7356644927,-87.6825126506,30
271,87th,0.50,41.7359269914,-87.6630637062,41.7357915897,-87.6727836177,30
272,87th,0.50,41.7360725783,-87.6533387061,41.7359269914,-87.6630637062,30
273,87th,0.50,41.7364152726,-87.6436255734,41.7360725783,-87.6533387061,30
274,87th,0.98,41.736485,-87.624761,41.7364152726,-87.6436255734,55
275,87th,0.53,41.7366402331,-87.6145264307,41.736485,-87.624761,55
276,87th,0.50,41.7367866148,-87.6048212832,41.7366402331,-87.6145264307,30
277,87th,1.00,41.7370506698,-87.5856349924,41.7367866148,-87.6048212832,25
278,87th,0.87,41.7372907245,-87.5688698936,41.7370506698,-87.5856349924,35
279,Irving Park,0.50,41.9521088985,-87.8269783644,41.9524069352,-87.8170669694,20
280,Irving Park,0.50,41.9524069352,-87.8170669694,41.9526256799,-87.8072619385,20
281,Irving Park,0.56,41.9526256799,-87.8072619385,41.9526056908,-87.7962735095,30
282,Irving Park,0.50,41.9526056908,-87.7962735095,41.9527793008,-87.7865606805,30
283,Irving Park,0.50,41.9527793008,-87.7865606805,41.9529189391,-87.7767759969,30
284,Irving Park,0.50,41.9529189391,-87.7767759969,41.9530473793,-87.7670009299,35
285,Irving Park,0.50,41.9530473793,-87.7670009299,41.9531625184,-87.7571489562,20
286,Irving Park,0.50,41.9531625184,-87.7571489562,41.9532811726,-87.7473061296,20
287,Irving Park,0.47,41.9532811726,-87.7473061296,41.9533921986,-87.7380652196,30
288,Irving Park,0.53,41.9533921986,-87.7380652196,41.9535105845,-87.727618462,55
289,Irving Park,0.50,41.9535105845,-87.727618462,41.9536492536,-87.7178146252,55
618,Lake Shore Dr,0.51,41.8919006,-87.61427361,41.88438999,-87.61422856,40
620,Lake Shore Dr,0.69,41.90098105,-87.61989328,41.8919006,-87.61427361,40
621,Lake Shore Dr,0.32,41.9039983328,-87.6246546523,41.9009810502,-87.6198932807,40
622,Lake Shore Dr,0.51,41.9113324426,-87.6261484121,41.9039983328,-87.6246546523,40
623,Cicero,0.50,41.9096276932,-87.7459028831,41.9169301148,-87.7459288182,20
624,Cicero,0.50,41.9169301148,-87.7459288182,41.9242304183,-87.7460848509,30
625,Cicero,0.50,41.9242304183,-87.7460848509,41.9315315648,-87.7464081568,20
626,Cicero,0.50,41.9315315648,-87.7464081568,41.9388186376,-87.7466944859,30
627,Cicero,0.50,41.9388186376,-87.7466944859,41.9461190053,-87.7468692152,30
628,Cicero,0.50,41.9461190053,-87.7468692152,41.9534197462,-87.7471183356,30
629,Cicero,0.61,41.9534197462,-87.7471183356,41.9622554221,-87.7473906234,55
632,Cicero,0.88,41.7619000085,-87.7419654588,41.7492033545,-87.7416296756,30
633,Cicero,0.64,41.7711273217,-87.7422329321,41.7619000085,-87.7419654588,10
634,Cicero,0.50,41.7784116409,-87.7424812354,41.7711273217,-87.7422329321,30
635,Cicero,0.41,41.784318968,-87.7415926253,41.7784116409,-87.7424812354,30
636,Cicero,0.60,41.7930370853,-87.7421614891,41.784318968,-87.7415926253,30
637,Cicero,0.51,41.8003419432,-87.7431700421,41.7930370853,-87.7421614891,30
638,Cicero,0.50,41.8076284928,-87.7433257794,41.8003419432,-87.7431700421,30
639,Cicero,0.50,41.8149319078,-87.7435184383,41.8076284928,-87.7433257794,25
640,Cicero,0.49,41.8220494381,-87.7437314373,41.8149319078,-87.7435184383,55
771,Harlem,0.50,41.9682596163,-87.8069498272,41.9754664535,-87.8068343518,30
772,Milwaukee,0.78,41.9462431643,-87.7354431617,41.9534177331,-87.7471035018,25
773,Milwaukee,0.62,41.9534177331,-87.7471035018,41.9606324493,-87.7543053641,25
774,Peterson,0.12,41.990023298,-87.7506684369,41.9897623135,-87.7483271581,35
775,Peterson,0.51,41.9897623135,-87.7483271581,41.9898734235,-87.7383865392,35
1277,Columbus,0.57,41.875774,-87.620688,41.867512,-87.620501,30
83,Pulaski,0.24,41.8854697391,-87.7260556696,41.8819403523,-87.7259576089,30
84,Pulaski,0.68,41.8953705621,-87.7263314096,41.8854697391,-87.7260556696,30
252,55th,0.50,41.792978773,-87.7329648143,41.7930671862,-87.7231602513,30
253,87th,0.51,41.735083368,-87.7020978703,41.7352455091,-87.6922007563,20
254,87th,0.50,41.7352455091,-87.6922007563,41.7353900769,-87.682515421,20
255,87th,0.50,41.7353900769,-87.682515421,41.7355171745,-87.6727864295,30
256,87th,0.50,41.7355171745,-87.6727864295,41.7356525768,-87.6630665594,30
257,87th,0.50,41.7356525768,-87.6630665594,41.7357981642,-87.6533416007,30
258,87th,0.50,41.7357981642,-87.6533416007,41.736140859,-87.6436285094,30
259,87th,0.98,41.736140859,-87.6436285094,41.7361336678,-87.6254454451,55
260,87th,0.53,41.7361336678,-87.6254454451,41.7363658213,-87.6145294906,55
261,87th,0.50,41.7363658213,-87.6145294906,41.7365122036,-87.6048243845,30
262,87th,1.00,41.7365122036,-87.6048243845,41.7367762597,-87.5856381753,25
263,87th,0.87,41.7367762597,-87.5856381753,41.7370163155,-87.568873148,35
264,87th,0.51,41.7348268186,-87.7311593177,41.7346613209,-87.7410563453,30
265,87th,0.50,41.734992492,-87.7214553595,41.7348268186,-87.7311593177,35
266,87th,0.49,41.7351586508,-87.711992685,41.734992492,-87.7214553595,40
267,87th,0.50,41.7353577848,-87.7020951833,41.7351586508,-87.711992685,40
268,87th,0.51,41.7355199254,-87.6921980271,41.7353577848,-87.7020951833,20
308,Irving Park,0.47,41.9536666068,-87.7380626662,41.9535555813,-87.7473036159,30
309,Irving Park,0.53,41.9537849922,-87.7276158638,41.9536666068,-87.7380626662,55
310,Irving Park,0.50,41.9539236607,-87.7178119849,41.9537849922,-87.7276158638,55
311,Irving Park,0.51,41.9540569195,-87.7080135337,41.9539236607,-87.7178119849,20
312,Irving Park,0.49,41.9541110923,-87.6982391845,41.9540569195,-87.7080135337,30
313,Irving Park,0.50,41.9541499435,-87.6884648539,41.9541110923,-87.6982391845,30
314,Irving Park,0.50,41.9542941404,-87.6787529076,41.9541499435,-87.6884648539,20
315,Irving Park,0.50,41.954427556,-87.6690474356,41.9542941404,-87.6787529076,30
316,Irving Park,0.34,41.9545153063,-87.6622485204,41.954427556,-87.6690474356,20
317,Irving Park,0.39,41.954625578,-87.654543283,41.9545153063,-87.6622485204,20
318,Irving Park,0.24,41.9546984352,-87.6496983683,41.954625578,-87.654543283,30
319,Irving Park,0.25,41.9547947184,-87.6445615662,41.9546984352,-87.6496983683,40
320,North,0.56,41.9087289094,-87.8057602459,41.9088985252,-87.794804754,25
321,North,0.50,41.9088985252,-87.794804754,41.9089744604,-87.7849651041,30
322,North,0.48,41.9089744604,-87.7849651041,41.9091254301,-87.7756166957,25
323,North,0.51,41.9091254301,-87.7756166957,41.9092415237,-87.7657253832,30
324,North,0.51,41.9092415237,-87.7657253832,41.9093640671,-87.7557968589,30
325,North,0.50,41.9093640671,-87.7557968589,41.9094885759,-87.7461157058,30
326,North,0.50,41.9094885759,-87.7461157058,41.9096183569,-87.7362643899,30
327,Western,0.50,41.6917781183,-87.6809720935,41.6990779218,-87.6812046376,30
328,Western,0.50,41.6990779218,-87.6812046376,41.7063752847,-87.6814372666,30
329,Western,0.50,41.7063752847,-87.6814372666,41.713672748,-87.6816602454,30
330,Western,0.50,41.713672748,-87.6816602454,41.7209382823,-87.6818720444,30
293,Irving Park,0.50,41.9538755379,-87.6884676201,41.9540197354,-87.6787557154,20
294,Irving Park,0.50,41.9540197354,-87.6787557154,41.9541531514,-87.6690502851,30
295,Irving Park,0.34,41.9541531514,-87.6690502851,41.9542409021,-87.6622513991,20
296,Irving Park,0.39,41.9542409021,-87.6622513991,41.9543511743,-87.6545461948,20
297,Irving Park,0.24,41.9543511743,-87.6545461948,41.9544240318,-87.6497013008,30
298,Irving Park,0.25,41.9544240318,-87.6497013008,41.9545203153,-87.6445645207,40
299,Irving Park,0.50,41.9523833109,-87.8269761925,41.9521889207,-87.8367104228,35
300,Irving Park,0.50,41.9526813472,-87.8170647549,41.9523833109,-87.8269761925,20
301,Irving Park,0.50,41.9529000914,-87.807259682,41.9526813472,-87.8170647549,30
302,Irving Park,0.56,41.9528801018,-87.7962712058,41.9529000914,-87.807259682,30
303,Irving Park,0.50,41.9530537114,-87.7865583352,41.9528801018,-87.7962712058,30
304,Irving Park,0.50,41.9531933493,-87.7767736096,41.9530537114,-87.7865583352,30
305,Irving Park,0.50,41.953321789,-87.7669985006,41.9531933493,-87.7767736096,35
306,Irving Park,0.50,41.9534369276,-87.7571464847,41.953321789,-87.7669985006,20
307,Irving Park,0.50,41.9535555813,-87.7473036159,41.9534369276,-87.7571464847,20
537,Cermak,0.50,41.8517403632,-87.6954340282,41.8519327365,-87.6856474998,30
538,Cermak,0.50,41.8519327365,-87.6856474961,41.8520254222,-87.6758619504,30
539,Cermak,0.51,41.8520254223,-87.6758619651,41.8522153616,-87.6659431382,30
540,Cermak,0.50,41.8522153617,-87.6659431492,41.8524053768,-87.6561829409,30
541,Cermak,0.50,41.8524053768,-87.656182952,41.8525453729,-87.6464628869,30
542,Cermak,0.49,41.8525453728,-87.6464628758,41.8526856713,-87.6369279083,45
543,Cermak,0.50,41.8526856712,-87.6369278973,41.8527242399,-87.6270547792,25
544,Cermak,0.31,41.852665046,-87.623799,41.8527760863,-87.6194512191,20
545,Cermak,0.07,41.8527242399,-87.6270547792,41.852665046,-87.623799,30
546,Cermak,0.25,41.8515825772,-87.7345076889,41.8515094693,-87.7394667587,25
547,Cermak,0.49,41.8517295572,-87.7248539636,41.8515825772,-87.7345076889,25
548,Cermak,0.50,41.8517758038,-87.7150028281,41.8517295572,-87.7248539636,20
549,Cermak,0.20,41.8521395327,-87.7111548786,41.8517758038,-87.7150028281,20
550,Cermak,0.29,41.852019272,-87.7052158636,41.8517829108,-87.7108753815,20
551,Cermak,0.50,41.852014774,-87.695431287,41.852019272,-87.7052158636,30
552,Cermak,0.50,41.8522071469,-87.6856447314,41.852014774,-87.695431287,30
553,Cermak,0.50,41.852299832,-87.6758591402,41.8522071469,-87.6856447314,30
554,Cermak,0.51,41.8524897709,-87.6659402856,41.852299832,-87.6758591402,30
555,Cermak,0.50,41.8526797855,-87.6561800466,41.8524897709,-87.6659402856,30
556,Cermak,0.50,41.852819781,-87.646459951,41.8526797855,-87.6561800466,30
557,Cermak,0.49,41.8529600788,-87.6369249316,41.852819781,-87.646459951,45
558,Cermak,0.50,41.8529986469,-87.6270517604,41.8529600788,-87.6369249316,25
559,Cermak,0.31,41.8530504929,-87.6194481677,41.852991,-87.623818,20
560,Cermak,0.07,41.852991,-87.623818,41.8529986469,-87.6270517604,30
563,Cicero,0.88,41.7492014587,-87.7412632413,41.7618981214,-87.741598945,30
564,Cicero,0.64,41.7618981214,-87.741598945,41.7711254297,-87.7418663731,10
565,Cicero,0.50,41.7711254297,-87.7418663731,41.7784097411,-87.7421146239,30
566,Cicero,0.41,41.7784097411,-87.7421146239,41.7843170707,-87.7412259766,30
567,Cicero,0.60,41.7843170707,-87.7412259766,41.793035195,-87.7417947979,30
568,Cicero,0.51,41.793035195,-87.7417947979,41.8003400449,-87.7428033166,30
569,Cicero,0.50,41.8003400449,-87.7428033166,41.8076266165,-87.7429589865,30
570,Cicero,0.50,41.8076266165,-87.7429589865,41.8149300238,-87.7431516294,25
571,Cicero,0.49,41.8149300238,-87.7431516294,41.8220475654,-87.7433645658,55
572,Cicero,0.50,41.8659068958,-87.7445766986,41.8731382595,-87.7448074201,30
214,Roosevelt,0.50,41.8654815414,-87.764354818,41.8655761505,-87.7545600319,30
215,Roosevelt,0.50,41.8655761505,-87.7545600319,41.8658134419,-87.7447639101,20
216,Roosevelt,0.50,41.8658134419,-87.7447639101,41.8658956887,-87.7349660246,20
217,Roosevelt,0.50,41.8658956887,-87.7349660246,41.8660349238,-87.7251717904,25
218,Roosevelt,0.50,41.8660349238,-87.7251717904,41.8661526026,-87.7154221093,30
219,Roosevelt,0.50,41.8661526026,-87.7154221093,41.8662681014,-87.7056705433,30
220,Roosevelt,0.50,41.8662681014,-87.7056705433,41.8663734623,-87.6959088534,30
221,Roosevelt,0.50,41.8663734623,-87.6959088534,41.8664753382,-87.6860397975,30
222,Roosevelt,0.50,41.8664753382,-87.6860397975,41.8666173666,-87.6762510995,40
223,Roosevelt,0.50,41.8666173666,-87.6762510995,41.8667242852,-87.6663849776,40
224,Roosevelt,0.50,41.8667242852,-87.6663849776,41.8668594116,-87.6566826727,30
225,Roosevelt,0.50,41.8668594116,-87.6566826727,41.8670168965,-87.6469198175,20
226,Roosevelt,0.25,41.8670168965,-87.6469198175,41.8670824586,-87.6421893317,55
227,Roosevelt,0.60,41.8670824586,-87.6421893317,41.8672367835,-87.6304367047,30
228,Roosevelt,0.60,41.8672367835,-87.6304367047,41.8673656534,-87.6189630924,20
229,Roosevelt,0.50,41.8657559551,-87.7643523849,41.8656126532,-87.7741476468,20
230,Roosevelt,0.50,41.8658505637,-87.7545575569,41.8657559551,-87.7643523849,30
231,Roosevelt,0.50,41.8660878547,-87.7447613932,41.8658505637,-87.7545575569,20
232,Roosevelt,0.50,41.866170101,-87.7349634658,41.8660878547,-87.7447613932,20
233,Roosevelt,0.50,41.8663093356,-87.7251691897,41.866170101,-87.7349634658,25
234,Roosevelt,0.50,41.8664270139,-87.7154194668,41.8663093356,-87.7251691897,30
235,Roosevelt,0.50,41.8665425122,-87.7056678592,41.8664270139,-87.7154194668,30
236,Roosevelt,0.50,41.8666478725,-87.6959061275,41.8665425122,-87.7056678592,30
237,Roosevelt,0.50,41.8667497479,-87.6860370294,41.8666478725,-87.6959061275,30
238,Roosevelt,0.50,41.8668917757,-87.6762482895,41.8667497479,-87.6860370294,40
239,Roosevelt,0.50,41.8669986938,-87.6663821254,41.8668917757,-87.6762482895,40
240,Roosevelt,0.50,41.8671338197,-87.656679779,41.8669986938,-87.6663821254,30
241,Roosevelt,0.50,41.867291304,-87.6469168821,41.8671338197,-87.656679779,20
242,Roosevelt,0.25,41.8673568658,-87.6421863761,41.867291304,-87.6469168821,55
243,Roosevelt,0.60,41.86751119,-87.6304336988,41.8673568658,-87.6421863761,30
244,Roosevelt,0.60,41.8676400592,-87.6189600374,41.86751119,-87.6304336988,20
245,Archer,0.50,41.7918096469,-87.8015504112,41.7920189692,-87.7915770975,30
246,Archer,0.50,41.7920189692,-87.7915770975,41.7922117726,-87.7818067839,30
455,79th,0.50,41.7508788394,-87.6341938681,41.7507752434,-87.6439701738,25
532,Cermak,0.49,41.8513081642,-87.73451023,41.8514551448,-87.7248565643,25
533,Cermak,0.50,41.8514551447,-87.7248565497,41.8515013918,-87.715005471,20
534,Cermak,0.20,41.8515013919,-87.715005482,41.8518651209,-87.711157538,20
535,Cermak,0.29,41.8515084992,-87.7108780567,41.8517448606,-87.7052185483,20
536,Cermak,0.50,41.8517448606,-87.705218541,41.8517403631,-87.6954340136,30
211,North,0.72,41.9110568232,-87.6482701057,41.910843339,-87.6621596195,30
212,North,0.78,41.9112994848,-87.6331493782,41.9110568232,-87.6482701057,20
399,Western,0.20,41.9279828403,-87.6879335859,41.9249017152,-87.6878256352,55
400,Western,0.30,41.9321801597,-87.6880664353,41.9279828403,-87.6879335859,55
401,Western,0.50,41.9394618483,-87.6883485854,41.9321801597,-87.6880664353,30
402,Western,0.50,41.9467318416,-87.6884415055,41.9394618483,-87.6883485854,30
403,Western,0.50,41.954013773,-87.6886500432,41.9467318416,-87.6884415055,30
404,Western,0.50,41.9613138803,-87.6888668215,41.954013773,-87.6886500432,30
405,Western,0.50,41.9686159566,-87.689090429,41.9613138803,-87.6888668215,25
406,Western,0.50,41.9758925735,-87.6893345677,41.9686159566,-87.689090429,20
407,Western,0.50,41.983168718,-87.6896322236,41.9758925735,-87.6893345677,25
408,Western,0.50,41.9905010348,-87.6898564646,41.983168718,-87.6896322236,30
409,79th,0.50,41.7505008306,-87.6439731098,41.7506044271,-87.6341968458,25
410,79th,0.49,41.7506044271,-87.6341968458,41.7508298555,-87.6245276216,55
411,79th,0.49,41.7508298555,-87.6245276216,41.7510141454,-87.6149133035,55
412,79th,0.50,41.7510141454,-87.6149133035,41.7511156124,-87.6051912535,30
413,79th,0.50,41.7511156124,-87.6051912535,41.7511752428,-87.5954153468,30
414,79th,0.49,41.7511752428,-87.5954153468,41.7513164293,-87.5858011703,30
573,Cicero,0.51,41.8731382595,-87.7448074201,41.8804946946,-87.7450741768,30
574,Cicero,0.51,41.8804946946,-87.7450741768,41.8879205051,-87.7453403489,30
575,Cicero,0.49,41.8879205051,-87.7453403489,41.8949856048,-87.7456284502,30
576,Cicero,0.51,41.8949856048,-87.7456284502,41.9023415361,-87.7458024865,30
577,Cicero,0.50,41.9023415361,-87.7458024865,41.9096276932,-87.7459028831,30
578,Lake Shore Dr,0.53,41.8109426802,-87.5886173859,41.8169468056,-87.5949089327,45
579,Lake Shore Dr,0.64,41.816935359,-87.5946895061,41.8252971863,-87.6001924641,45
580,Lake Shore Dr,1.00,41.8252971863,-87.6001924641,41.838571746,-87.6081678831,45
581,Lake Shore Dr,0.75,41.838571746,-87.6081678831,41.848976339,-87.6124560681,45
582,Lake Shore Dr,0.65,41.848976339,-87.6124560681,41.8579604705,-87.6164188659,45
583,Lake Shore Dr,0.67,41.8579604705,-87.6164188659,41.8674650997,-87.6186711362,40
584,Lake Shore Dr,0.41,41.8674650997,-87.6186711362,41.8732552139,-87.6171289792,40
586,Lake Shore Dr,0.53,41.87325521,-87.61712898,41.88091652,-87.61730448,40
587,Lake Shore Dr,0.30,41.8809165183,-87.6173044795,41.8843876871,-87.6138613722,20
589,Lake Shore Dr,0.51,41.88438769,-87.61386137,41.8918983,-87.61390637,40
591,Lake Shore Dr,0.69,41.8918983,-87.61390637,41.90097877,-87.61952598,40
592,Lake Shore Dr,0.32,41.9009787676,-87.6195259779,41.9039960653,-87.6242873281,40
593,Lake Shore Dr,0.51,41.9039960653,-87.6242873281,41.9113301795,-87.6257810568,40
594,Lake Shore Dr,1.05,41.9113301795,-87.6257810568,41.9260827378,-87.6310264345,40
595,Lake Shore Dr,0.51,41.9260827378,-87.6310264345,41.9334256266,-87.6318545747,40
596,Lake Shore Dr,0.58,41.9334256266,-87.6318545747,41.9403841461,-87.6382223471,40
597,Lake Shore Dr,0.62,41.9403841461,-87.6382223471,41.9486486075,-87.643175157,40
598,Lake Shore Dr,0.42,41.9486486075,-87.643175157,41.9546565256,-87.6445812375,40
599,Lake Shore Dr,0.51,41.9546565256,-87.6445812375,41.9620060197,-87.6460782274,40
600,Lake Shore Dr,0.52,41.9620060197,-87.6460782274,41.9694037972,-87.6477852109,40
601,Lake Shore Dr,0.51,41.9694037972,-87.6477852109,41.9765945008,-87.6502830414,30
602,Lake Shore Dr,0.64,41.9765945008,-87.6502830414,41.9855533157,-87.6533932841,40
604,Lake Shore Dr,0.20,41.7952204517,-87.5793749691,41.7924190294,-87.5804845631,25
605,Lake Shore Dr,0.53,41.8027405099,-87.5817584885,41.7952204517,-87.5793749691,25
606,Lake Shore Dr,0.68,41.8107941007,-87.5892857918,41.8027405099,-87.5817584885,45
607,Lake Shore Dr,0.53,41.8169491631,-87.5952757493,41.8109450575,-87.5889841751,45
608,Lake Shore Dr,0.64,41.8252995274,-87.6005593398,41.8169377172,-87.5950563226,45
609,Lake Shore Dr,1.00,41.8385740621,-87.6085348206,41.8252995274,-87.6005593398,45
610,Lake Shore Dr,0.75,41.8489786419,-87.6128230691,41.8385740621,-87.6085348206,45
611,Lake Shore Dr,0.65,41.8579627613,-87.6167859369,41.8489786419,-87.6128230691,45
1281,Columbus,0.45,41.891002,-87.620424,41.884414,-87.620742,20
1282,Fairbanks,0.40,41.891002,-87.620124,41.896785,-87.620269,30
1283,Fairbanks,0.40,41.896785,-87.620469,41.891002,-87.620324,30
354,Western,0.50,41.8957422115,-87.6866589587,41.9030150932,-87.686843103,30
355,Western,0.50,41.9030150932,-87.686843103,41.9103198343,-87.6870370163,30
356,Western,0.45,41.9103198343,-87.6870370163,41.9168043897,-87.6872050148,20
357,Western,0.55,41.9168043897,-87.6872050148,41.9248996489,-87.68745819,20
358,Western,0.20,41.9248996489,-87.68745819,41.9279807743,-87.6875661231,55
359,Western,0.30,41.9279807743,-87.6875661231,41.9321780939,-87.6876989484,55
360,Western,0.50,41.9321780939,-87.6876989484,41.9394597831,-87.6879810565,30
361,Western,0.50,41.9394597831,-87.6879810565,41.9467297764,-87.6880739349,20
362,Western,0.50,41.9467297764,-87.6880739349,41.9540117081,-87.6882824308,30
363,Western,0.50,41.9540117081,-87.6882824308,41.9613118159,-87.6884991671,30
364,Western,0.50,41.9613118159,-87.6884991671,41.9686138926,-87.6887227326,25
365,Western,0.50,41.9686138926,-87.6887227326,41.97589051,-87.6889668295,30
366,Western,0.50,41.97589051,-87.6889668295,41.9831666552,-87.6892644434,25
367,Western,0.50,41.9831666552,-87.6892644434,41.9904989723,-87.6894886422,30
368,Western,0.50,41.699079999,-87.681570794,41.691780196,-87.6813382085,30
369,Western,0.50,41.7063773615,-87.6818034645,41.699079999,-87.681570794,30
370,Western,0.50,41.7136748244,-87.6820264847,41.7063773615,-87.6818034645,30
371,Western,0.50,41.7209403583,-87.6822383249,41.7136748244,-87.6820264847,30
372,Western,0.50,41.7282307117,-87.6824828127,41.7209403583,-87.6822383249,25
373,Western,0.50,41.7355283222,-87.6826972175,41.7282307117,-87.6824828127,25
374,Western,0.50,41.7428167477,-87.6828624247,41.7355283222,-87.6826972175,30
375,Western,0.50,41.7501038593,-87.6830303802,41.7428167477,-87.6828624247,30
376,Western,0.63,41.7592331585,-87.6832857301,41.7501038593,-87.6830303802,30
377,Western,0.37,41.76470325,-87.6834259477,41.7592331585,-87.6832857301,30
378,Western,0.50,41.7719786518,-87.6836275216,41.76470325,-87.6834259477,30
379,Western,0.50,41.7792170504,-87.6838226552,41.7719786518,-87.6836275216,30
380,Western,0.50,41.7865297579,-87.6840139301,41.7792170504,-87.6838226552,30
381,Western,0.50,41.7938776185,-87.6842251186,41.7865297579,-87.6840139301,30
382,Western,0.50,41.8011472177,-87.6844074011,41.7938776185,-87.6842251186,30
383,Western,0.50,41.8084267863,-87.684608746,41.8011472177,-87.6844074011,30
384,Western,0.50,41.8156969641,-87.6848117907,41.8084267863,-87.684608746,30
385,Western,0.50,41.8229970652,-87.685060202,41.8156969641,-87.6848117907,30
386,Western,0.20,41.8259389558,-87.6850859812,41.8229970652,-87.685060202,30
387,Western,0.91,41.8390750509,-87.6854062799,41.8259389558,-87.6850859812,55
388,Western,0.90,41.852032941,-87.6858237771,41.8390750509,-87.6854062799,30
389,Western,0.37,41.857516,-87.685945,41.852032941,-87.6858237771,30
390,Western,0.63,41.8666135775,-87.686221969,41.857516,-87.685945,30
391,Western,0.65,41.8760846544,-87.6864530829,41.8666135775,-87.686221969,30
392,Western,0.47,41.8829972374,-87.6866681673,41.8760846544,-87.6864530829,30
393,Western,0.52,41.8906490928,-87.6868781339,41.8829972374,-87.6866681673,30
394,Western,0.35,41.8957442792,-87.6870262366,41.8906490928,-87.6868781339,30
395,Western,0.50,41.9030171606,-87.6872104227,41.8957442792,-87.6870262366,30
396,Western,0.50,41.9103219014,-87.6874043778,41.9030171606,-87.6872104227,30
397,Western,0.45,41.9168064565,-87.6875724135,41.9103219014,-87.6874043778,20
398,Western,0.55,41.9249017152,-87.6878256352,41.9168064565,-87.6875724135,20
331,Western,0.50,41.7209382823,-87.6818720444,41.7282286362,-87.6821164908,25
332,Western,0.50,41.7282286362,-87.6821164908,41.7355262471,-87.6823308541,25
333,Western,0.50,41.7355262471,-87.6823308541,41.7428146728,-87.6824960199,30
334,Western,0.50,41.7428146728,-87.6824960199,41.7501017847,-87.6826639338,30
335,Western,0.63,41.7501017847,-87.6826639338,41.7592310843,-87.6829192318,25
336,Western,0.37,41.7592310843,-87.6829192318,41.764701176,-87.6830594183,25
337,Western,0.50,41.764701176,-87.6830594183,41.7719765782,-87.6832609507,30
338,Western,0.50,41.7719765782,-87.6832609507,41.7792149771,-87.6834560431,30
339,Western,0.50,41.7792149771,-87.6834560431,41.786527685,-87.6836472764,30
340,Western,0.50,41.786527685,-87.6836472764,41.793875546,-87.6838584229,30
341,Western,0.50,41.793875546,-87.6838584229,41.8011451454,-87.684040664,30
342,Western,0.50,41.8011451454,-87.684040664,41.8084247143,-87.6842419673,30
343,Western,0.50,41.8084247143,-87.6842419673,41.8156948926,-87.6844449706,30
344,Western,0.50,41.8156948926,-87.6844449706,41.8229949942,-87.6846933402,30
345,Western,0.20,41.8229949942,-87.6846933402,41.8259368847,-87.6847191026,30
346,Western,0.91,41.8259368847,-87.6847191026,41.8390729803,-87.6850393262,55
347,Western,0.90,41.8390729803,-87.6850393262,41.8520308712,-87.6854567493,30
348,Western,0.50,41.8520308712,-87.6854567493,41.857496,-87.685797,30
349,Western,0.50,41.857496,-87.685797,41.8666115084,-87.6858548579,30
350,Western,0.65,41.8666115084,-87.6858548579,41.8760825857,-87.6860859175,30
351,Western,0.47,41.8760825857,-87.6860859175,41.8829951691,-87.6863009624,30
352,Western,0.52,41.8829951691,-87.6863009624,41.8906470248,-87.6865108851,30
353,Western,0.35,41.8906470248,-87.6865108851,41.8957422115,-87.6866589587,30
421,79th,0.50,41.7513900229,-87.6051881522,41.7512885566,-87.6149102436,30
422,79th,0.50,41.7514496528,-87.595412204,41.7513900229,-87.6051881522,30
423,79th,0.49,41.7515908387,-87.5857979864,41.7514496528,-87.595412204,30
424,95th,0.48,41.7208280858,-87.6820597144,41.7208895929,-87.6727283985,25
425,95th,0.52,41.7208895929,-87.6727283985,41.7210579504,-87.6626346092,30
426,95th,0.50,41.7210579504,-87.6626346092,41.7211522049,-87.6529452354,25
427,95th,0.50,41.7211522049,-87.6529452354,41.7213210669,-87.6432247623,30
428,95th,0.75,41.7213210669,-87.6432247623,41.7215727836,-87.628638933,30
429,95th,0.41,41.7215727836,-87.628638933,41.721636209,-87.6205342482,55
430,95th,0.33,41.721636209,-87.6205342482,41.7217473,-87.6140942229,30
439,79th,0.50,41.7490103326,-87.7413290513,41.7492038321,-87.7316066149,30
440,79th,0.50,41.7492038321,-87.7316066149,41.7493965084,-87.72188413,30
441,79th,0.51,41.7493965084,-87.72188413,41.7495462277,-87.7118904749,30
442,79th,0.48,41.7495462277,-87.7118904749,41.7495759263,-87.7024160884,30
443,79th,0.50,41.7495759263,-87.7024160884,41.7497658287,-87.6926391909,30
444,79th,0.51,41.7497658287,-87.6926391909,41.7499136183,-87.6827540461,30
445,79th,0.49,41.7499136183,-87.6827540461,41.7501431365,-87.6730852477,30
446,79th,0.49,41.7501431365,-87.6730852477,41.7502908262,-87.6634715402,30
447,79th,0.50,41.7502908262,-87.6634715402,41.7503147501,-87.6536959041,30
448,79th,0.50,41.7503147501,-87.6536959041,41.7505008306,-87.6439731098,30
449,79th,0.50,41.7500402444,-87.6926364622,41.7498503425,-87.7024134014,30
450,79th,0.51,41.7501880334,-87.6827512753,41.7500402444,-87.6926364622,30
451,79th,0.49,41.750417551,-87.6730824357,41.7501880334,-87.6827512753,30
452,79th,0.49,41.7505652402,-87.6634686872,41.750417551,-87.6730824357,30
453,79th,0.50,41.7505891635,-87.6536930095,41.7505652402,-87.6634686872,30
454,79th,0.50,41.7507752434,-87.6439701738,41.7505891635,-87.6536930095,30
76,Pulaski,0.95,41.8368851841,-87.7246009792,41.8229936666,-87.7243007082,25
77,Pulaski,0.50,41.8442580766,-87.7248037311,41.8368851841,-87.7246009792,25
78,Pulaski,0.50,41.8515494772,-87.7250091595,41.8442580766,-87.7248037311,10
79,Pulaski,0.50,41.858871241,-87.7252056371,41.8515494772,-87.7250091595,30
80,Pulaski,0.50,41.8661750444,-87.7254211571,41.858871241,-87.7252056371,30
81,Pulaski,0.62,41.8752792694,-87.7257294016,41.8661750444,-87.7254211571,55
82,Pulaski,0.46,41.8819403523,-87.7259576089,41.8752792694,-87.7257294016,30
85,Pulaski,0.50,41.9026743655,-87.7265539158,41.8953705621,-87.7263314096,30
86,Pulaski,0.24,41.9061589395,-87.7266587113,41.9026743655,-87.7265539158,20
87,Pulaski,0.50,41.9098896012,-87.726581748,41.9061589395,-87.7266587113,20
88,Pulaski,0.50,41.917169067,-87.7268100624,41.9098896012,-87.726581748,30
89,Pulaski,0.50,41.9244868661,-87.7270197528,41.917169067,-87.7268100624,20
90,Pulaski,0.50,41.9317932724,-87.727229938,41.9244868661,-87.7270197528,30
91,Pulaski,0.65,41.9411707218,-87.7274979656,41.9317932724,-87.727229938,30
92,Pulaski,0.85,41.9536506962,-87.7278685825,41.9411707218,-87.7274979656,25
93,Pulaski,0.40,41.9596167084,-87.7280405527,41.9536506962,-87.7278685825,55
94,Pulaski,0.60,41.96824521,-87.728279105,41.9596167084,-87.7280405527,30
95,Pulaski,0.50,41.9755349148,-87.7284849951,41.96824521,-87.728279105,30
96,Pulaski,0.50,41.9828344352,-87.728684246,41.9755349148,-87.7284849951,35
97,Pulaski,0.50,41.9901383429,-87.7288919771,41.9828344352,-87.728684246,35
98,Ashland,0.50,41.7212141057,-87.6625002738,41.7284810983,-87.6626684166,30
99,Ashland,0.50,41.7284810983,-87.6626684166,41.7357887154,-87.6628819511,30
100,Ashland,0.50,41.7357887154,-87.6628819511,41.7430756949,-87.6630683582,30
101,Ashland,0.50,41.7430756949,-87.6630683582,41.7503560091,-87.6632541367,30
102,Ashland,1.00,41.7503560091,-87.6632541367,41.7649079607,-87.663612718,30
103,Ashland,0.50,41.7649079607,-87.663612718,41.7721909488,-87.6638378447,30
104,Ashland,0.50,41.7721909488,-87.6638378447,41.7794635041,-87.6640374592,30
105,Ashland,0.50,41.7794635041,-87.6640374592,41.7867457704,-87.6642111674,30
106,Ashland,0.50,41.7867457704,-87.6642111674,41.7940232957,-87.6643984668,30
107,Ashland,0.50,41.7940232957,-87.6643984668,41.8013171472,-87.6645931099,30
108,Ashland,0.50,41.8013171472,-87.6645931099,41.8086033737,-87.6647891274,30
109,Ashland,0.50,41.8086033737,-87.6647891274,41.8158697299,-87.6649647832,30
110,Ashland,0.50,41.8158697299,-87.6649647832,41.8231508628,-87.6651248281,30
111,Ashland,0.50,41.8231508628,-87.6651248281,41.8305002878,-87.6653847992,30
112,Ashland,0.50,41.8305002878,-87.6653847992,41.8376827898,-87.6655581444,55
113,Ashland,1.00,41.8376827898,-87.6655581444,41.8523299896,-87.6658407141,55
114,Ashland,0.40,41.8523299896,-87.6658407141,41.8577926807,-87.6659546034,30
115,Ashland,0.60,41.8577926807,-87.6659546034,41.8668604234,-87.6661999959,30
116,Ashland,0.50,41.8668604234,-87.6661999959,41.8741993673,-87.6664153537,30
117,Ashland,0.60,41.8741993673,-87.6664153537,41.8832979102,-87.6666877975,55
118,Ashland,0.53,41.8832979102,-87.6666877975,41.8909763311,-87.6669590125,30
119,Ashland,0.35,41.8909763311,-87.6669590125,41.8960725742,-87.6671078757,30
120,Ashland,0.55,41.8960725742,-87.6671078757,41.9040161282,-87.6673294583,20
121,Ashland,0.45,41.9040161282,-87.6673294583,41.9106292239,-87.6675079387,25
122,Ashland,0.55,41.9106292239,-87.6675079387,41.9185457037,-87.6679092691,55
123,Ashland,0.45,41.9185457037,-87.6679092691,41.9251505156,-87.6679620918,30
124,Ashland,0.50,41.9251505156,-87.6679620918,41.932402477,-87.668210266,30
125,Ashland,0.50,41.932402477,-87.668210266,41.939695436,-87.6684779112,30
126,Ashland,0.50,41.939695436,-87.6684779112,41.9469890515,-87.6686743455,30
290,Irving Park,0.51,41.9536492536,-87.7178146252,41.9537825128,-87.708016216,20
291,Irving Park,0.49,41.9537825128,-87.708016216,41.9538366862,-87.6982419087,30
292,Irving Park,0.50,41.9538366862,-87.6982419087,41.9538755379,-87.6884676201,30
415,79th,0.50,41.7494782498,-87.7316040523,41.7492847508,-87.7413265301,30
416,79th,0.50,41.7496709256,-87.7218815259,41.7494782498,-87.7316040523,30
417,79th,0.51,41.7498206443,-87.7118878282,41.7496709256,-87.7218815259,30
418,79th,0.48,41.7498503425,-87.7024134014,41.7498206443,-87.7118878282,30
419,79th,0.49,41.7511042672,-87.6245246027,41.7508788394,-87.6341938681,55
420,79th,0.49,41.7512885566,-87.6149102436,41.7511042672,-87.6245246027,55
14,55th,0.50,41.7926796968,-87.772065026,41.7924861906,-87.77935,30
15,55th,0.50,41.7928797,-87.76223503,41.7926797,-87.77206503,30
16,55th,0.50,41.79302504,-87.75250618,41.7928797,-87.76223503,30
17,55th,0.54,41.7931681777,-87.7419834738,41.7930250391,-87.7525061843,30
19,Pulaski,0.50,41.6912676378,-87.7201006039,41.6985611194,-87.7205138378,30
20,Pulaski,0.50,41.6985611194,-87.7204446212,41.7059018917,-87.7207943736,30
21,Pulaski,0.50,41.7059018917,-87.7207247188,41.7131708566,-87.7210108659,30
22,Pulaski,0.50,41.7131708566,-87.720941896,41.7205351179,-87.7212281119,20
23,Pulaski,0.50,41.7205351179,-87.7211582444,41.7279240361,-87.7216034956,20
24,Pulaski,0.50,41.7279240361,-87.7215334269,41.7348566529,-87.7213107758,35
25,Pulaski,0.50,41.7348566529,-87.7212449539,41.742178062,-87.7215654587,35
26,Pulaski,0.50,41.742178062,-87.7214959848,41.7495695299,-87.721801291,30
27,Pulaski,1.00,41.7495695299,-87.7217311602,41.7640992823,-87.7223094048,30
28,Pulaski,0.50,41.7640992823,-87.7221715979,41.7713729793,-87.7224617677,30
29,Pulaski,0.50,41.7713729793,-87.7223927753,41.7786572624,-87.722645881,30
30,Pulaski,0.50,41.7786572624,-87.7225767893,41.7859356046,-87.7228471654,30
31,Pulaski,0.50,41.7859356046,-87.722778136,41.7932034198,-87.7230445278,30
32,Pulaski,0.62,41.7932034198,-87.7229756027,41.802316468,-87.7233273471,30
33,Pulaski,0.38,41.802316468,-87.7232409373,41.8078826502,-87.7234560048,30
34,Pulaski,0.50,41.8078826502,-87.7234032253,41.8151945196,-87.7237477951,30
35,Pulaski,0.53,41.8151945196,-87.7236784823,41.8229897759,-87.723940876,55
36,Pulaski,0.95,41.8229897759,-87.7238669791,41.8368812942,-87.7242987603,25
37,Pulaski,0.50,41.8368812942,-87.7241670914,41.8442541875,-87.7244396463,25
38,Pulaski,0.50,41.8442541875,-87.7243697591,41.8515455888,-87.7246442132,20
39,Pulaski,0.50,41.8515455888,-87.7245751041,41.8588673534,-87.7248408908,30
40,Pulaski,0.50,41.8588673534,-87.724771498,41.8661711575,-87.7250561494,30
41,Pulaski,0.62,41.8661711575,-87.7249869344,41.8752753838,-87.7253813295,55
42,Pulaski,0.46,41.8752753838,-87.7252950746,41.8819364677,-87.7255863086,30
43,Pulaski,0.24,41.8819364677,-87.7255232056,41.8854658549,-87.7256546637,30
44,Pulaski,0.68,41.8854658549,-87.7256212259,41.8953666789,-87.725990629,30
45,Pulaski,0.50,41.8953666789,-87.7258968524,41.9026704832,-87.7261884496,30
46,Pulaski,0.24,41.9026704832,-87.7261192748,41.9061550576,-87.7262570347,20
47,Pulaski,0.50,41.9061550576,-87.7262240305,41.9098857185,-87.7261823777,20
48,Pulaski,0.50,41.9098857185,-87.7261470243,41.9171651852,-87.7264442053,30
49,Pulaski,0.50,41.9171651852,-87.7263752552,41.9244829851,-87.7266541696,20
50,Pulaski,0.50,41.9244829851,-87.7265848616,41.9317893922,-87.726864157,30
51,Pulaski,0.65,41.9317893922,-87.726794963,41.9411668426,-87.7271516758,30
52,Pulaski,0.85,41.9411668426,-87.7270628829,41.9536468185,-87.727551496,25
53,Pulaski,0.40,41.9536468185,-87.7274333564,41.9596128313,-87.7276617396,55
54,Pulaski,0.60,41.9596128313,-87.7276052579,41.9682413338,-87.7279253868,30
55,Pulaski,0.50,41.9682413338,-87.727843711,41.9755310394,-87.7281185167,30
56,Pulaski,0.50,41.9755310394,-87.7280495172,41.9828305605,-87.7283177717,35
57,Pulaski,0.50,41.9828305605,-87.7283177717,41.988652019,-87.7283177717,35
59,Pulaski,0.50,41.6985650226,-87.7208769338,41.6912715426,-87.7205328337,30
60,Pulaski,0.50,41.7059057937,-87.7211571147,41.6985650226,-87.7208769338,30
61,Pulaski,0.50,41.7131747577,-87.7213743744,41.7059057937,-87.7211571147,30
62,Pulaski,0.50,41.7205390182,-87.7215908065,41.7131747577,-87.7213743744,30
63,Pulaski,0.50,41.7279279345,-87.721966073,41.7205390182,-87.7215908065,20
64,Pulaski,0.50,41.7348605537,-87.7216776788,41.7279279345,-87.721966073,35
65,Pulaski,0.50,41.7421819618,-87.7219287929,41.7348605537,-87.7216776788,35
66,Pulaski,0.50,41.7495734287,-87.7221640524,41.7421819618,-87.7219287929,30
67,Pulaski,1.00,41.7641031795,-87.7226046555,41.7495734287,-87.7221640524,30
68,Pulaski,0.50,41.7713768755,-87.7228259157,41.7641031795,-87.7226046555,30
69,Pulaski,0.50,41.7786611581,-87.7230100127,41.7713768755,-87.7228259157,30
70,Pulaski,0.50,41.7859394995,-87.7232114423,41.7786611581,-87.7230100127,30
71,Pulaski,0.50,41.793207314,-87.7234089919,41.7859394995,-87.7232114423,30
72,Pulaski,0.62,41.8023203612,-87.7236744304,41.793207314,-87.7234089919,30
73,Pulaski,0.38,41.8078865428,-87.7238367819,41.8023203612,-87.7236744304,30
74,Pulaski,0.50,41.815198411,-87.7241121224,41.8078865428,-87.7238367819,30
75,Pulaski,0.53,41.8229936666,-87.7243007082,41.815198411,-87.7241121224,55
1,55th,0.50,41.7930671862,-87.7231602513,41.793140551,-87.7136071496,30
2,55th,0.50,41.793140551,-87.7136071496,41.7933767009,-87.7035554211,30
3,55th,0.50,41.7933767009,-87.7035554211,41.7935536023,-87.693799302,30
4,55th,0.50,41.7935536023,-87.693799302,41.7937393759,-87.6840431555,30
5,Garfield,0.50,41.7937393759,-87.6840431555,41.7937791103,-87.6743019717,30
6,Garfield,0.50,41.7937791103,-87.6743019717,41.7938871572,-87.6645832406,30
7,Garfield,0.50,41.7938871572,-87.6645832406,41.7940346735,-87.6548756951,30
8,Garfield,0.50,41.7940346735,-87.6548756951,41.7941646462,-87.6451618298,30
9,Garfield,0.72,41.7941646462,-87.6451618298,41.7943974487,-87.6311283131,55
10,Garfield,0.27,41.7943974487,-87.6311283131,41.7945059819,-87.625702556,55
11,Garfield,0.50,41.7945059819,-87.625702556,41.7946636061,-87.6159826042,30
12,Archer,0.50,41.7922933877,-87.7915747868,41.7920840659,-87.801548143,30
13,Archer,0.50,41.7924861906,-87.7818044315,41.7922933877,-87.7915747868,30
183,87th,0.50,41.7345524002,-87.731161881,41.7347180742,-87.7214579641,35
184,87th,0.49,41.7347180742,-87.7214579641,41.7348842334,-87.7119953299,40
185,87th,0.50,41.7348842334,-87.7119953299,41.735083368,-87.7020978703,40
186,North,0.51,41.9096183569,-87.7362643899,41.9097494848,-87.7263320051,30
187,North,0.49,41.9097494848,-87.7263320051,41.9098569484,-87.7167020015,25
188,North,0.50,41.9098569484,-87.7167020015,41.909978124,-87.7069618067,30
189,North,0.51,41.909978124,-87.7069618067,41.9100801383,-87.6970362251,30
190,North,0.49,41.9100801383,-87.6970362251,41.9101836642,-87.6872220807,30
191,North,0.50,41.9101836642,-87.6872220807,41.9103355405,-87.6775874547,20
192,North,0.50,41.9103355405,-87.6775874547,41.9104930855,-87.6676930451,20
193,North,0.28,41.9104930855,-87.6676930451,41.9105689327,-87.6621624942,55
194,North,0.72,41.9105689327,-87.6621624942,41.9107824177,-87.6482730398,30
195,North,0.78,41.9107824177,-87.6482730398,41.9110250802,-87.6331523771,20
196,North,0.56,41.9091729382,-87.7948024476,41.9090033229,-87.8057579864,25
197,North,0.50,41.909248873,-87.7849627555,41.9091729382,-87.7948024476,30
198,North,0.48,41.9093998422,-87.7756143071,41.909248873,-87.7849627555,25
199,North,0.51,41.9095159354,-87.7657229523,41.9093998422,-87.7756143071,30
200,North,0.51,41.9096384783,-87.7557943854,41.9095159354,-87.7657229523,30
201,North,0.50,41.9097629867,-87.7461131909,41.9096384783,-87.7557943854,30
202,North,0.50,41.9098927671,-87.7362618327,41.9097629867,-87.7461131909,30
203,North,0.51,41.9100238945,-87.7263294053,41.9098927671,-87.7362618327,30
204,North,0.49,41.9101313576,-87.7166993605,41.9100238945,-87.7263294053,25
205,North,0.50,41.9102525328,-87.706959124,41.9101313576,-87.7166993605,30
206,North,0.51,41.9103545465,-87.6970334998,41.9102525328,-87.706959124,30
207,North,0.49,41.9104580718,-87.6872193134,41.9103545465,-87.6970334998,30
208,North,0.50,41.9106099476,-87.6775846462,41.9104580718,-87.6872193134,20
209,North,0.50,41.9107674921,-87.6676901941,41.9106099476,-87.6775846462,20
210,North,0.28,41.910843339,-87.6621596195,41.9107674921,-87.6676901941,55
141,Ashland,0.50,41.7940254304,-87.6647651619,41.7867479054,-87.6645778209,30
142,Ashland,0.50,41.8013192816,-87.6649598466,41.7940254304,-87.6647651619,30
143,Ashland,0.50,41.8086055077,-87.6651559056,41.8013192816,-87.6649598466,30
144,Ashland,0.50,41.8158718637,-87.6653316028,41.8086055077,-87.6651559056,30
145,Ashland,0.50,41.8231529963,-87.6654916893,41.8158718637,-87.6653316028,30
146,Ashland,0.50,41.8305024208,-87.6657517025,41.8231529963,-87.6654916893,30
147,Ashland,0.50,41.8376849226,-87.6659250887,41.8305024208,-87.6657517025,55
148,Ashland,1.00,41.8523321221,-87.6662077421,41.8376849226,-87.6659250887,55
149,Ashland,0.40,41.8577948131,-87.6663216627,41.8523321221,-87.6662077421,30
150,Ashland,0.60,41.8668625554,-87.6665671071,41.8577948131,-87.6663216627,30
151,Ashland,0.50,41.8742014988,-87.6667825068,41.8668625554,-87.6665671071,30
152,Ashland,0.60,41.8833000413,-87.6670550027,41.8742014988,-87.6667825068,55
153,Ashland,0.53,41.8909784616,-87.6673262617,41.8833000413,-87.6670550027,30
154,Ashland,0.35,41.8960747044,-87.6674751541,41.8909784616,-87.6673262617,30
155,Ashland,0.55,41.904018258,-87.6676967823,41.8960747044,-87.6674751541,20
156,Ashland,0.45,41.9106313534,-87.6678753006,41.904018258,-87.6676967823,25
157,Ashland,0.55,41.9185478323,-87.6682766764,41.9106313534,-87.6678753006,55
158,Ashland,0.45,41.9251526443,-87.668329537,41.9185478323,-87.6682766764,30
159,Ashland,0.50,41.9324046052,-87.6685777528,41.9251526443,-87.668329537,30
160,Ashland,0.50,41.9396975636,-87.6688454399,41.9324046052,-87.6685777528,30
161,Ashland,0.50,41.9469911788,-87.6690419162,41.9396975636,-87.6688454399,30
162,Ashland,0.50,41.9542914171,-87.6692326667,41.9469911788,-87.6690419162,30
166,Ashland,0.50,41.9834769032,-87.6700000222,41.976173197,-87.6697976396,30
168,Irving Park,0.50,41.9519145079,-87.8367125529,41.9521088985,-87.8269783644,35
169,55th,0.46,41.7932531887,-87.7329622535,41.7931681777,-87.7419834738,30
170,55th,0.50,41.7933416014,-87.7231576487,41.7932531887,-87.7329622535,30
171,55th,0.50,41.7934149656,-87.7136045062,41.7933416014,-87.7231576487,30
172,55th,0.50,41.793651115,-87.7035527348,41.7934149656,-87.7136045062,30
173,55th,0.50,41.7938280159,-87.6937965741,41.793651115,-87.7035527348,30
174,55th,0.50,41.7940137889,-87.684040386,41.7938280159,-87.6937965741,30
175,Garfield,0.50,41.7940535229,-87.6742991606,41.7940137889,-87.684040386,30
176,Garfield,0.50,41.7941615692,-87.6645803881,41.7940535229,-87.6742991606,30
177,Garfield,0.50,41.7943090849,-87.6548728011,41.7941615692,-87.6645803881,30
178,Garfield,0.50,41.7944390571,-87.6451588943,41.7943090849,-87.6548728011,30
179,Garfield,0.72,41.7946718587,-87.6311253178,41.7944390571,-87.6451588943,55
180,Garfield,0.27,41.7947803916,-87.6256995376,41.7946718587,-87.6311253178,55
181,Garfield,0.50,41.7949380152,-87.6159795443,41.7947803916,-87.6256995376,30
182,87th,0.51,41.734386902,-87.7410588664,41.7345524002,-87.731161881,30
127,Ashland,0.50,41.9469890515,-87.6686743455,41.9542892901,-87.6688650541,30
129,Ashland,0.50,41.9615905019,-87.6690743088,41.9688759177,-87.6692552405,30
131,Ashland,0.50,41.9761710709,-87.6694299012,41.9834747775,-87.6696322417,30
132,Ashland,0.23,41.9834747775,-87.6696322417,41.9867518859,-87.6695265292,20
133,Ashland,0.50,41.7284832358,-87.6630347385,41.7212162434,-87.6628665545,30
134,Ashland,0.50,41.7357908525,-87.6632483146,41.7284832358,-87.6630347385,30
135,Ashland,0.50,41.7430778317,-87.6634347632,41.7357908525,-87.6632483146,30
136,Ashland,0.50,41.7503581457,-87.663620583,41.7430778317,-87.6634347632,30
137,Ashland,1.00,41.7649100967,-87.6639792472,41.7503581457,-87.663620583,30
138,Ashland,0.50,41.7721930844,-87.6642044154,41.7649100967,-87.6639792472,30
139,Ashland,0.50,41.7794656394,-87.6644040713,41.7721930844,-87.6642044154,30
140,Ashland,0.50,41.7867479054,-87.6645778209,41.7794656394,-87.6644040713,30
