location_id,timestamp,Available,Total,Offline
132164,2025-08-05 21:53:29,2,2,0
132164,2025-08-05 21:48:29,2,2,0
132164,2025-08-05 21:43:29,2,2,0
132164,2025-08-05 21:38:29,2,2,0
132164,2025-08-05 21:33:29,2,2,0
132164,2025-08-05 21:28:29,2,2,0
132164,2025-08-05 21:23:30,2,2,0
132164,2025-08-05 21:18:29,2,2,0
132164,2025-08-05 21:13:29,2,2,0
132164,2025-08-05 21:08:29,2,2,0
132164,2025-08-05 21:03:29,2,2,0
132164,2025-08-05 20:58:29,2,2,0
132164,2025-08-05 20:53:29,2,2,0
132164,2025-08-05 20:48:29,2,2,0
132164,2025-08-05 20:43:29,2,2,0
132164,2025-08-05 20:38:30,2,2,0
132164,2025-08-05 20:33:29,2,2,0
132164,2025-08-05 20:28:29,2,2,0
132164,2025-08-05 20:23:29,2,2,0
132164,2025-08-05 20:18:29,2,2,0
132164,2025-08-05 20:13:29,2,2,0
132164,2025-08-05 20:08:29,2,2,0
132164,2025-08-05 20:03:29,2,2,0
132164,2025-08-05 19:58:29,2,2,0
132164,2025-08-05 19:53:32,2,2,0
132164,2025-08-05 19:48:29,2,2,0
132164,2025-08-05 19:43:29,2,2,0
132164,2025-08-05 19:38:31,2,2,0
132164,2025-08-05 19:33:29,2,2,0
132164,2025-08-05 19:28:29,2,2,0
132164,2025-08-05 19:23:29,2,2,0
132164,2025-08-05 19:18:29,2,2,0
132164,2025-08-05 19:13:30,2,2,0
132164,2025-08-05 19:08:29,2,2,0
132164,2025-08-05 19:03:29,2,2,0
132164,2025-08-05 18:58:29,2,2,0
132164,2025-08-05 18:53:30,2,2,0
132164,2025-08-05 18:48:29,2,2,0
132164,2025-08-05 18:43:29,2,2,0
132164,2025-08-05 18:38:29,2,2,0
132164,2025-08-05 18:33:30,2,2,0
132164,2025-08-05 18:28:29,2,2,0
132164,2025-08-05 18:23:29,2,2,0
132164,2025-08-05 18:18:29,2,2,0
132164,2025-08-05 18:13:29,2,2,0
132164,2025-08-05 18:08:29,2,2,0
132164,2025-08-05 18:03:44,2,2,0
132164,2025-08-05 17:58:29,2,2,0
132164,2025-08-05 17:53:30,2,2,0
132164,2025-08-05 17:48:29,2,2,0
132164,2025-08-05 17:43:29,2,2,0
132164,2025-08-05 17:38:29,2,2,0
132164,2025-08-05 17:33:29,1,2,0
132164,2025-08-05 17:28:29,1,2,0
132164,2025-08-05 17:23:29,1,2,0
132164,2025-08-05 17:18:29,1,2,0
132164,2025-08-05 17:13:29,1,2,0
132164,2025-08-05 17:08:29,1,2,0
132164,2025-08-05 17:03:29,1,2,0
132164,2025-08-05 16:58:29,1,2,0
132164,2025-08-05 16:53:29,1,2,0
132164,2025-08-05 16:48:29,1,2,0
132164,2025-08-05 16:43:29,1,2,0
132164,2025-08-05 16:38:29,1,2,0
132164,2025-08-05 16:33:29,1,2,0
132164,2025-08-05 16:28:30,1,2,0
132164,2025-08-05 16:23:29,1,2,0
132164,2025-08-05 16:18:29,1,2,0
132164,2025-08-05 16:13:29,1,2,0
132164,2025-08-05 16:08:29,1,2,0
132164,2025-08-05 16:03:29,1,2,0
132164,2025-08-05 15:58:29,1,2,0
132164,2025-08-05 15:53:29,1,2,0
132164,2025-08-05 15:48:29,1,2,0
132164,2025-08-05 15:43:29,1,2,0
132164,2025-08-05 15:38:29,1,2,0
132164,2025-08-05 15:33:29,1,2,0
132164,2025-08-05 15:28:29,2,2,0
132164,2025-08-05 15:23:29,2,2,0
132164,2025-08-05 15:18:29,2,2,0
132164,2025-08-05 15:13:29,2,2,0
132164,2025-08-05 15:08:29,2,2,0
132164,2025-08-05 15:03:29,2,2,0
132164,2025-08-05 14:58:29,2,2,0
132164,2025-08-05 14:53:29,2,2,0
132164,2025-08-05 14:48:29,2,2,0
132164,2025-08-05 14:43:29,2,2,0
132164,2025-08-05 14:38:29,2,2,0
132164,2025-08-05 14:33:29,2,2,0
132164,2025-08-05 14:28:29,2,2,0
132164,2025-08-05 14:23:29,2,2,0
132164,2025-08-05 14:18:29,2,2,0
132164,2025-08-05 14:13:29,2,2,0
132164,2025-08-05 14:08:29,2,2,0
132164,2025-08-05 14:03:29,2,2,0
132164,2025-08-05 13:58:30,2,2,0
132164,2025-08-05 13:53:29,2,2,0
132164,2025-08-05 13:48:29,2,2,0
132164,2025-08-05 13:43:29,2,2,0
132164,2025-08-05 13:38:30,2,2,0
132164,2025-08-05 13:33:29,2,2,0
132164,2025-08-05 13:28:29,2,2,0
132164,2025-08-05 13:23:29,2,2,0
132164,2025-08-05 13:18:29,2,2,0
132164,2025-08-05 13:13:29,2,2,0
132164,2025-08-05 13:08:29,2,2,0
132164,2025-08-05 13:03:29,2,2,0
132164,2025-08-05 12:58:29,2,2,0
132164,2025-08-05 12:53:29,2,2,0
132164,2025-08-05 12:48:29,2,2,0
132164,2025-08-05 12:43:29,2,2,0
132164,2025-08-05 12:38:29,2,2,0
132164,2025-08-05 12:33:29,2,2,0
132164,2025-08-05 12:28:29,2,2,0
132164,2025-08-05 12:23:29,2,2,0
132164,2025-08-05 12:18:29,2,2,0
132164,2025-08-05 12:13:29,2,2,0
132164,2025-08-05 12:08:29,2,2,0
132164,2025-08-05 12:03:29,2,2,0
132164,2025-08-05 11:58:29,2,2,0
132164,2025-08-05 11:53:29,2,2,0
132164,2025-08-05 11:48:29,2,2,0
132164,2025-08-05 11:43:29,2,2,0
132164,2025-08-05 11:38:29,2,2,0
132164,2025-08-05 11:33:29,2,2,0
132164,2025-08-05 11:28:30,2,2,0
132164,2025-08-05 11:23:29,2,2,0
132164,2025-08-05 11:18:29,2,2,0
132164,2025-08-05 11:13:29,2,2,0
132164,2025-08-05 11:08:29,2,2,0
132164,2025-08-05 11:03:29,2,2,0
132164,2025-08-05 10:58:29,2,2,0
132164,2025-08-05 10:53:29,2,2,0
132164,2025-08-05 10:48:29,2,2,0
132164,2025-08-05 10:43:29,2,2,0
132164,2025-08-05 10:38:29,2,2,0
132164,2025-08-05 10:33:29,2,2,0
132164,2025-08-05 10:28:29,2,2,0
132164,2025-08-05 10:23:29,2,2,0
132164,2025-08-05 10:18:29,2,2,0
132164,2025-08-05 10:13:29,2,2,0
132164,2025-08-05 10:08:29,2,2,0
132164,2025-08-05 10:03:29,2,2,0
132164,2025-08-05 09:58:29,2,2,0
132164,2025-08-05 09:53:29,2,2,0
132164,2025-08-05 09:48:29,2,2,0
132164,2025-08-05 09:43:29,2,2,0
132164,2025-08-05 09:38:29,2,2,0
132164,2025-08-05 09:33:29,2,2,0
132164,2025-08-05 09:28:29,2,2,0
132164,2025-08-05 09:23:29,2,2,0
132164,2025-08-05 09:18:29,2,2,0
132164,2025-08-05 09:13:29,2,2,0
132164,2025-08-05 09:08:29,2,2,0
132164,2025-08-05 09:03:29,2,2,0
132164,2025-08-05 08:58:29,2,2,0
132164,2025-08-05 08:53:29,2,2,0
132164,2025-08-05 08:48:29,2,2,0
132164,2025-08-05 08:43:29,2,2,0
132164,2025-08-05 08:38:29,2,2,0
132164,2025-08-05 08:33:29,2,2,0
132164,2025-08-05 08:28:29,2,2,0
132164,2025-08-05 08:23:29,2,2,0
132164,2025-08-05 08:18:29,2,2,0
132164,2025-08-05 08:13:29,2,2,0
132164,2025-08-05 08:08:29,2,2,0
132164,2025-08-05 08:03:29,2,2,0
132164,2025-08-05 07:58:29,2,2,0
132164,2025-08-05 07:53:29,2,2,0
132164,2025-08-05 07:48:29,2,2,0
132164,2025-08-05 07:43:29,2,2,0
132164,2025-08-05 07:38:29,2,2,0
132164,2025-08-05 07:33:29,2,2,0
132164,2025-08-05 07:28:29,2,2,0
132164,2025-08-05 07:23:29,2,2,0
132164,2025-08-05 07:18:29,2,2,0
132164,2025-08-05 07:13:29,2,2,0
132164,2025-08-05 07:08:29,2,2,0
132164,2025-08-05 07:03:29,2,2,0
132164,2025-08-05 06:58:29,2,2,0
132164,2025-08-05 06:53:29,2,2,0
132164,2025-08-05 06:48:29,2,2,0
132164,2025-08-05 06:43:29,2,2,0
132164,2025-08-05 06:38:29,2,2,0
132164,2025-08-05 06:33:29,2,2,0
132164,2025-08-05 06:28:29,2,2,0
132164,2025-08-05 06:23:29,2,2,0
132164,2025-08-05 06:18:29,2,2,0
132164,2025-08-05 06:13:29,2,2,0
132164,2025-08-05 06:08:30,2,2,0
132164,2025-08-05 06:03:29,2,2,0
132164,2025-08-05 05:58:29,2,2,0
132164,2025-08-05 05:53:29,2,2,0
132164,2025-08-05 05:48:29,2,2,0
132164,2025-08-05 05:43:29,2,2,0
132164,2025-08-05 05:38:29,2,2,0
132164,2025-08-05 05:33:29,2,2,0
132164,2025-08-05 05:28:29,2,2,0
132164,2025-08-05 05:23:29,2,2,0
132164,2025-08-05 05:18:29,2,2,0
132164,2025-08-05 05:13:29,2,2,0
132164,2025-08-05 05:08:29,2,2,0
132164,2025-08-05 05:03:29,2,2,0
132164,2025-08-05 04:58:31,2,2,0
132164,2025-08-05 04:53:29,2,2,0
132164,2025-08-05 04:48:29,2,2,0
132164,2025-08-05 04:43:29,2,2,0
132164,2025-08-05 04:38:29,2,2,0
132164,2025-08-05 04:33:29,2,2,0
132164,2025-08-05 04:28:29,2,2,0
132164,2025-08-05 04:23:29,2,2,0
132164,2025-08-05 04:18:29,2,2,0
132164,2025-08-05 04:13:29,2,2,0
132164,2025-08-05 04:08:29,2,2,0
132164,2025-08-05 04:03:29,2,2,0
132164,2025-08-05 03:58:29,2,2,0
132164,2025-08-05 03:53:29,2,2,0
132164,2025-08-05 03:48:29,2,2,0
132164,2025-08-05 03:43:29,2,2,0
132164,2025-08-05 03:38:29,2,2,0
132164,2025-08-05 03:33:29,2,2,0
132164,2025-08-05 03:28:29,2,2,0
132164,2025-08-05 03:23:29,2,2,0
132164,2025-08-05 03:18:29,2,2,0
132164,2025-08-05 03:13:29,2,2,0
132164,2025-08-05 03:08:29,2,2,0
132164,2025-08-05 03:03:29,2,2,0
132164,2025-08-05 02:58:29,2,2,0
132164,2025-08-05 02:53:29,2,2,0
132164,2025-08-05 02:48:29,2,2,0
132164,2025-08-05 02:43:29,2,2,0
132164,2025-08-05 02:38:29,2,2,0
132164,2025-08-05 02:33:29,2,2,0
132164,2025-08-05 02:28:29,2,2,0
132164,2025-08-05 02:23:29,2,2,0
132164,2025-08-05 02:18:29,2,2,0
132164,2025-08-05 02:13:29,2,2,0
132164,2025-08-05 02:08:29,2,2,0
132164,2025-08-05 02:03:29,2,2,0
132164,2025-08-05 01:58:29,2,2,0
132164,2025-08-05 01:53:29,2,2,0
132164,2025-08-05 01:48:29,2,2,0
132164,2025-08-05 01:43:29,2,2,0
132164,2025-08-05 01:38:29,2,2,0
132164,2025-08-05 01:33:29,2,2,0
132164,2025-08-05 01:28:29,2,2,0
132164,2025-08-05 01:23:29,2,2,0
132164,2025-08-05 01:18:29,2,2,0
132164,2025-08-05 01:13:29,2,2,0
132164,2025-08-05 01:08:29,2,2,0
132164,2025-08-05 01:03:29,2,2,0
132164,2025-08-05 00:58:29,2,2,0
132164,2025-08-05 00:53:29,2,2,0
132164,2025-08-05 00:48:29,2,2,0
132164,2025-08-05 00:43:29,2,2,0
132164,2025-08-05 00:38:29,2,2,0
132164,2025-08-05 00:33:29,2,2,0
132164,2025-08-05 00:28:29,2,2,0
132164,2025-08-05 00:23:29,2,2,0
132164,2025-08-05 00:18:29,2,2,0
132164,2025-08-05 00:13:29,2,2,0
132164,2025-08-05 00:08:29,2,2,0
132164,2025-08-05 00:03:29,2,2,0
132164,2025-08-04 23:58:29,2,2,0
132164,2025-08-04 23:53:29,2,2,0
132164,2025-08-04 23:48:29,2,2,0
132164,2025-08-04 23:43:29,2,2,0
132164,2025-08-04 23:38:29,2,2,0
132164,2025-08-04 23:33:29,2,2,0
132164,2025-08-04 23:28:29,2,2,0
132164,2025-08-04 23:23:29,2,2,0
132164,2025-08-04 23:18:29,2,2,0
132164,2025-08-04 23:13:29,2,2,0
132164,2025-08-04 23:08:29,2,2,0
132164,2025-08-04 23:03:29,2,2,0
132164,2025-08-04 22:58:29,2,2,0
132164,2025-08-04 22:53:29,2,2,0
132164,2025-08-04 22:48:29,2,2,0
132164,2025-08-04 22:43:29,2,2,0
132164,2025-08-04 22:38:29,2,2,0
132164,2025-08-04 22:33:29,2,2,0
132164,2025-08-04 22:28:29,2,2,0
132164,2025-08-04 22:23:29,2,2,0
132164,2025-08-04 22:18:29,2,2,0
132164,2025-08-04 22:13:29,2,2,0
132164,2025-08-04 22:08:29,2,2,0
132164,2025-08-04 22:03:29,2,2,0
132164,2025-08-04 21:58:30,2,2,0
132164,2025-08-04 21:53:30,2,2,0
132164,2025-08-04 21:48:29,2,2,0
132164,2025-08-04 21:43:29,2,2,0
132164,2025-08-04 21:38:29,2,2,0
132164,2025-08-04 21:33:29,2,2,0
132164,2025-08-04 21:28:30,2,2,0
132164,2025-08-04 21:23:29,2,2,0
132164,2025-08-04 21:18:29,2,2,0
132164,2025-08-04 21:13:29,2,2,0
132164,2025-08-04 21:08:29,2,2,0
132164,2025-08-04 21:03:29,2,2,0
132164,2025-08-04 20:58:29,2,2,0
132164,2025-08-04 20:53:29,2,2,0
132164,2025-08-04 20:48:29,2,2,0
132164,2025-08-04 20:43:29,2,2,0
132164,2025-08-04 20:38:29,2,2,0
132164,2025-08-04 20:33:29,2,2,0
132164,2025-08-04 20:28:29,2,2,0
132164,2025-08-04 20:23:29,2,2,0
132164,2025-08-04 20:18:29,2,2,0
132164,2025-08-04 20:13:30,2,2,0
132164,2025-08-04 20:08:29,2,2,0
132164,2025-08-04 20:03:29,2,2,0
132164,2025-08-04 19:58:29,2,2,0
132164,2025-08-04 19:53:30,2,2,0
132164,2025-08-04 19:48:29,2,2,0
132164,2025-08-04 19:43:29,2,2,0
132164,2025-08-04 19:38:29,2,2,0
132164,2025-08-04 19:33:29,2,2,0
132164,2025-08-04 19:28:30,2,2,0
132164,2025-08-04 19:23:29,2,2,0
132164,2025-08-04 19:18:29,2,2,0
132164,2025-08-04 19:13:29,2,2,0
132164,2025-08-04 19:08:29,2,2,0
132164,2025-08-04 19:03:29,2,2,0
132164,2025-08-04 18:58:29,2,2,0
132164,2025-08-04 18:53:29,2,2,0
132164,2025-08-04 18:48:29,2,2,0
132164,2025-08-04 18:43:29,2,2,0
132164,2025-08-04 18:38:29,2,2,0
132164,2025-08-04 18:33:29,2,2,0
132164,2025-08-04 18:28:29,2,2,0
132164,2025-08-04 18:23:29,2,2,0
132164,2025-08-04 18:18:29,2,2,0
132164,2025-08-04 18:13:29,2,2,0
132164,2025-08-04 18:08:29,2,2,0
132164,2025-08-04 18:03:29,2,2,0
132164,2025-08-04 17:58:29,2,2,0
132164,2025-08-04 17:53:30,2,2,0
132164,2025-08-04 17:48:29,2,2,0
132164,2025-08-04 17:43:29,2,2,0
132164,2025-08-04 17:38:29,2,2,0
132164,2025-08-04 17:33:29,2,2,0
132164,2025-08-04 17:28:29,2,2,0
132164,2025-08-04 17:23:29,2,2,0
132164,2025-08-04 17:18:30,2,2,0
132164,2025-08-04 17:13:29,2,2,0
132164,2025-08-04 17:08:29,2,2,0
132164,2025-08-04 17:03:29,2,2,0
132164,2025-08-04 16:58:29,2,2,0
132164,2025-08-04 16:53:29,2,2,0
132164,2025-08-04 16:48:29,2,2,0
132164,2025-08-04 16:43:29,2,2,0
132164,2025-08-04 16:38:29,2,2,0
132164,2025-08-04 16:33:29,2,2,0
132164,2025-08-04 16:28:29,2,2,0
132164,2025-08-04 16:23:29,2,2,0
132164,2025-08-04 16:18:29,2,2,0
132164,2025-08-04 16:13:29,2,2,0
132164,2025-08-04 16:08:29,2,2,0
132164,2025-08-04 16:03:29,2,2,0
132164,2025-08-04 15:58:29,2,2,0
132164,2025-08-04 15:53:29,2,2,0
132164,2025-08-04 15:48:29,2,2,0
132164,2025-08-04 15:43:29,2,2,0
132164,2025-08-04 15:38:29,2,2,0
132164,2025-08-04 15:33:29,2,2,0
132164,2025-08-04 15:28:29,2,2,0
132164,2025-08-04 15:23:29,2,2,0
132164,2025-08-04 15:18:29,2,2,0
132164,2025-08-04 15:13:29,2,2,0
132164,2025-08-04 15:08:29,2,2,0
132164,2025-08-04 15:03:29,2,2,0
132164,2025-08-04 14:58:29,2,2,0
132164,2025-08-04 14:53:29,2,2,0
132164,2025-08-04 14:48:29,2,2,0
132164,2025-08-04 14:43:29,2,2,0
132164,2025-08-04 14:38:29,2,2,0
132164,2025-08-04 14:33:29,2,2,0
132164,2025-08-04 14:28:29,2,2,0
132164,2025-08-04 14:23:29,2,2,0
132164,2025-08-04 14:18:29,2,2,0
132164,2025-08-04 14:13:29,2,2,0
132164,2025-08-04 14:08:29,2,2,0
132164,2025-08-04 14:03:29,2,2,0
132164,2025-08-04 13:58:29,2,2,0
132164,2025-08-04 13:53:31,2,2,0
132164,2025-08-04 13:48:30,2,2,0
132164,2025-08-04 13:43:30,2,2,0
132164,2025-08-04 13:38:29,2,2,0
132164,2025-08-04 13:33:30,2,2,0
132164,2025-08-04 13:28:29,2,2,0
132164,2025-08-04 13:25:06,2,2,0
132164,2025-08-04 13:18:29,2,2,0
132164,2025-08-04 13:13:29,2,2,0
132164,2025-08-04 13:08:29,2,2,0
132164,2025-08-04 13:03:29,2,2,0
132164,2025-08-04 12:58:29,2,2,0
132164,2025-08-04 12:53:30,2,2,0
132164,2025-08-04 12:48:30,2,2,0
132164,2025-08-04 12:43:29,2,2,0
132164,2025-08-04 12:38:29,2,2,0
132164,2025-08-04 12:33:29,2,2,0
132164,2025-08-04 12:28:29,2,2,0
132164,2025-08-04 12:23:29,2,2,0
132164,2025-08-04 12:18:29,2,2,0
132164,2025-08-04 12:13:29,2,2,0
132164,2025-08-04 12:08:29,2,2,0
132164,2025-08-04 12:03:29,2,2,0
132164,2025-08-04 11:58:29,2,2,0
132164,2025-08-04 11:53:31,2,2,0
132164,2025-08-04 11:48:29,2,2,0
132164,2025-08-04 11:43:29,2,2,0
132164,2025-08-04 11:38:29,2,2,0
132164,2025-08-04 11:33:29,2,2,0
132164,2025-08-04 11:28:29,2,2,0
132164,2025-08-04 11:23:29,2,2,0
132164,2025-08-04 11:18:29,2,2,0
132164,2025-08-04 11:13:29,2,2,0
132164,2025-08-04 11:08:29,2,2,0
132164,2025-08-04 11:03:29,2,2,0
132164,2025-08-04 10:58:29,2,2,0
132164,2025-08-04 10:53:29,2,2,0
132164,2025-08-04 10:48:29,2,2,0
132164,2025-08-04 10:43:29,2,2,0
132164,2025-08-04 10:38:29,2,2,0
132164,2025-08-04 10:33:30,2,2,0
132164,2025-08-04 10:28:29,2,2,0
132164,2025-08-04 10:23:29,2,2,0
132164,2025-08-04 10:18:29,2,2,0
132164,2025-08-04 10:13:29,2,2,0
132164,2025-08-04 10:08:29,2,2,0
132164,2025-08-04 10:03:29,2,2,0
132164,2025-08-04 09:58:29,2,2,0
132164,2025-08-04 09:53:29,2,2,0
132164,2025-08-04 09:48:29,2,2,0
132164,2025-08-04 09:43:29,2,2,0
132164,2025-08-04 09:38:29,2,2,0
132164,2025-08-04 09:33:29,2,2,0
132164,2025-08-04 09:28:29,2,2,0
132164,2025-08-04 09:23:29,2,2,0
132164,2025-08-04 09:18:29,2,2,0
132164,2025-08-04 09:13:29,2,2,0
132164,2025-08-04 09:08:29,2,2,0
132164,2025-08-04 09:03:29,2,2,0
132164,2025-08-04 08:58:29,2,2,0
132164,2025-08-04 08:53:29,2,2,0
132164,2025-08-04 08:48:29,2,2,0
132164,2025-08-04 08:43:29,2,2,0
132164,2025-08-04 08:38:29,2,2,0
132164,2025-08-04 08:33:29,2,2,0
132164,2025-08-04 08:28:29,2,2,0
132164,2025-08-04 08:23:29,2,2,0
132164,2025-08-04 08:18:29,2,2,0
132164,2025-08-04 08:13:29,2,2,0
132164,2025-08-04 08:08:29,2,2,0
132164,2025-08-04 08:03:29,2,2,0
132164,2025-08-04 07:58:29,2,2,0
132164,2025-08-04 07:53:29,2,2,0
132164,2025-08-04 07:48:29,2,2,0
132164,2025-08-04 07:43:29,2,2,0
132164,2025-08-04 07:38:29,2,2,0
132164,2025-08-04 07:33:29,2,2,0
132164,2025-08-04 07:28:29,2,2,0
132164,2025-08-04 07:23:29,2,2,0
132164,2025-08-04 07:18:29,2,2,0
132164,2025-08-04 07:13:29,2,2,0
132164,2025-08-04 07:08:30,2,2,0
132164,2025-08-04 07:03:29,2,2,0
132164,2025-08-04 06:58:29,2,2,0
132164,2025-08-04 06:53:29,2,2,0
132164,2025-08-04 06:48:29,2,2,0
132164,2025-08-04 06:43:29,2,2,0
132164,2025-08-04 06:38:29,2,2,0
132164,2025-08-04 06:33:29,2,2,0
132164,2025-08-04 06:28:29,2,2,0
132164,2025-08-04 06:23:29,2,2,0
132164,2025-08-04 06:18:29,2,2,0
132164,2025-08-04 06:13:29,2,2,0
132164,2025-08-04 06:08:29,2,2,0
132164,2025-08-04 06:03:29,2,2,0
132164,2025-08-04 05:58:29,2,2,0
132164,2025-08-04 05:53:29,2,2,0
132164,2025-08-04 05:48:29,2,2,0
132164,2025-08-04 05:43:29,2,2,0
132164,2025-08-04 05:38:29,2,2,0
132164,2025-08-04 05:33:29,2,2,0
132164,2025-08-04 05:28:29,2,2,0
132164,2025-08-04 05:23:29,2,2,0
132164,2025-08-04 05:18:29,2,2,0
132164,2025-08-04 05:13:29,2,2,0
132164,2025-08-04 05:08:30,2,2,0
132164,2025-08-04 05:03:29,2,2,0
132164,2025-08-04 04:58:29,2,2,0
132164,2025-08-04 04:53:29,2,2,0
132164,2025-08-04 04:48:29,2,2,0
132164,2025-08-04 04:43:29,2,2,0
132164,2025-08-04 04:38:29,2,2,0
132164,2025-08-04 04:33:29,2,2,0
132164,2025-08-04 04:28:29,2,2,0
132164,2025-08-04 04:23:29,2,2,0
132164,2025-08-04 04:18:29,2,2,0
132164,2025-08-04 04:13:29,2,2,0
132164,2025-08-04 04:08:29,2,2,0
132164,2025-08-04 04:03:29,2,2,0
132164,2025-08-04 03:58:29,2,2,0
132164,2025-08-04 03:53:29,2,2,0
132164,2025-08-04 03:48:29,2,2,0
132164,2025-08-04 03:43:29,2,2,0
132164,2025-08-04 03:38:29,2,2,0
132164,2025-08-04 03:33:29,2,2,0
132164,2025-08-04 03:28:29,2,2,0
132164,2025-08-04 03:23:29,2,2,0
132164,2025-08-04 03:18:29,2,2,0
132164,2025-08-04 03:13:29,2,2,0
132164,2025-08-04 03:08:29,2,2,0
132164,2025-08-04 03:03:29,2,2,0
132164,2025-08-04 02:58:29,2,2,0
132164,2025-08-04 02:53:29,2,2,0
132164,2025-08-04 02:48:29,2,2,0
132164,2025-08-04 02:43:29,2,2,0
132164,2025-08-04 02:38:29,2,2,0
132164,2025-08-04 02:33:29,2,2,0
132164,2025-08-04 02:28:29,2,2,0
132164,2025-08-04 02:23:29,2,2,0
132164,2025-08-04 02:18:29,2,2,0
132164,2025-08-04 02:13:29,2,2,0
132164,2025-08-04 02:08:29,2,2,0
132164,2025-08-04 02:03:29,2,2,0
132164,2025-08-04 01:58:29,2,2,0
132164,2025-08-04 01:53:29,2,2,0
132164,2025-08-04 01:48:29,2,2,0
132164,2025-08-04 01:43:29,2,2,0
132164,2025-08-04 01:38:29,2,2,0
132164,2025-08-04 01:33:30,2,2,0
132164,2025-08-04 01:28:29,2,2,0
132164,2025-08-04 01:23:29,2,2,0
132164,2025-08-04 01:18:29,2,2,0
132164,2025-08-04 01:13:29,2,2,0
132164,2025-08-04 01:08:29,2,2,0
132164,2025-08-04 01:03:29,2,2,0
132164,2025-08-04 00:58:29,2,2,0
132164,2025-08-04 00:53:29,2,2,0
132164,2025-08-04 00:48:29,2,2,0
132164,2025-08-04 00:43:29,2,2,0
132164,2025-08-04 00:38:29,2,2,0
132164,2025-08-04 00:33:29,2,2,0
132164,2025-08-04 00:28:29,2,2,0
132164,2025-08-04 00:23:29,2,2,0
132164,2025-08-04 00:18:29,2,2,0
132164,2025-08-04 00:13:29,2,2,0
132164,2025-08-04 00:08:29,2,2,0
132164,2025-08-04 00:03:29,2,2,0
132164,2025-08-03 23:58:29,2,2,0
132164,2025-08-03 23:53:29,2,2,0
132164,2025-08-03 23:48:29,2,2,0
132164,2025-08-03 23:43:29,2,2,0
132164,2025-08-03 23:38:29,2,2,0
132164,2025-08-03 23:33:29,2,2,0
132164,2025-08-03 23:28:29,2,2,0
132164,2025-08-03 23:23:29,2,2,0
132164,2025-08-03 23:18:29,2,2,0
132164,2025-08-03 23:13:31,2,2,0
132164,2025-08-03 23:08:29,2,2,0
132164,2025-08-03 23:03:29,2,2,0
132164,2025-08-03 22:58:29,2,2,0
132164,2025-08-03 22:53:29,2,2,0
132164,2025-08-03 22:48:29,2,2,0
132164,2025-08-03 22:43:29,2,2,0
132164,2025-08-03 22:38:29,2,2,0
132164,2025-08-03 22:33:29,2,2,0
132164,2025-08-03 22:28:29,2,2,0
132164,2025-08-03 22:23:29,2,2,0
132164,2025-08-03 22:18:29,2,2,0
132164,2025-08-03 22:13:29,2,2,0
132164,2025-08-03 22:08:29,2,2,0
132164,2025-08-03 22:03:29,2,2,0
132164,2025-08-03 21:58:30,2,2,0
132164,2025-08-03 21:53:29,2,2,0
132164,2025-08-03 21:48:29,2,2,0
132164,2025-08-03 21:43:29,2,2,0
132164,2025-08-03 21:38:29,2,2,0
132164,2025-08-03 21:33:29,2,2,0
132164,2025-08-03 21:28:29,2,2,0
132164,2025-08-03 21:23:29,2,2,0
132164,2025-08-03 21:18:29,2,2,0
132164,2025-08-03 21:13:29,2,2,0
132164,2025-08-03 21:08:29,2,2,0
132164,2025-08-03 21:03:29,2,2,0
132164,2025-08-03 20:58:29,2,2,0
132164,2025-08-03 20:53:29,2,2,0
132164,2025-08-03 20:48:29,2,2,0
132164,2025-08-03 20:43:29,2,2,0
132164,2025-08-03 20:38:29,2,2,0
132164,2025-08-03 20:33:29,2,2,0
132164,2025-08-03 20:28:29,2,2,0
132164,2025-08-03 20:23:29,2,2,0
132164,2025-08-03 20:18:29,2,2,0
132164,2025-08-03 20:13:29,2,2,0
132164,2025-08-03 20:08:29,2,2,0
132164,2025-08-03 20:03:29,2,2,0
132164,2025-08-03 19:58:29,2,2,0
132164,2025-08-03 19:53:29,2,2,0
132164,2025-08-03 19:48:29,2,2,0
132164,2025-08-03 19:43:29,2,2,0
132164,2025-08-03 19:38:29,2,2,0
132164,2025-08-03 19:33:29,2,2,0
132164,2025-08-03 19:28:29,2,2,0
132164,2025-08-03 19:23:29,2,2,0
132164,2025-08-03 19:18:29,2,2,0
132164,2025-08-03 19:13:29,2,2,0
132164,2025-08-03 19:08:29,2,2,0
132164,2025-08-03 19:03:29,2,2,0
132164,2025-08-03 18:58:29,2,2,0
132164,2025-08-03 18:53:29,2,2,0
132164,2025-08-03 18:48:29,2,2,0
132164,2025-08-03 18:43:29,2,2,0
132164,2025-08-03 18:38:29,2,2,0
132164,2025-08-03 18:33:29,2,2,0
132164,2025-08-03 18:28:29,2,2,0
132164,2025-08-03 18:23:29,2,2,0
132164,2025-08-03 18:18:30,2,2,0
132164,2025-08-03 18:13:29,2,2,0
132164,2025-08-03 18:08:29,2,2,0
132164,2025-08-03 18:03:29,2,2,0
132164,2025-08-03 17:58:29,2,2,0
132164,2025-08-03 17:53:29,2,2,0
132164,2025-08-03 17:48:30,2,2,0
132164,2025-08-03 17:43:29,2,2,0
132164,2025-08-03 17:38:29,2,2,0
132164,2025-08-03 17:33:29,2,2,0
132164,2025-08-03 17:28:29,2,2,0
132164,2025-08-03 17:23:29,2,2,0
132164,2025-08-03 17:18:31,2,2,0
132164,2025-08-03 17:13:29,2,2,0
132164,2025-08-03 17:08:29,2,2,0
132164,2025-08-03 17:03:29,2,2,0
132164,2025-08-03 16:58:29,2,2,0
132164,2025-08-03 16:53:29,2,2,0
132164,2025-08-03 16:48:29,2,2,0
132164,2025-08-03 16:43:29,2,2,0
132164,2025-08-03 16:38:29,2,2,0
132164,2025-08-03 16:33:29,2,2,0
132164,2025-08-03 16:28:29,2,2,0
132164,2025-08-03 16:23:29,2,2,0
132164,2025-08-03 16:18:29,2,2,0
132164,2025-08-03 16:13:29,2,2,0
132164,2025-08-03 16:08:29,2,2,0
132164,2025-08-03 16:03:29,2,2,0
132164,2025-08-03 15:58:29,2,2,0
132164,2025-08-03 15:53:29,2,2,0
132164,2025-08-03 15:48:29,2,2,0
132164,2025-08-03 15:43:29,2,2,0
132164,2025-08-03 15:38:29,2,2,0
132164,2025-08-03 15:33:29,2,2,0
132164,2025-08-03 15:28:29,2,2,0
132164,2025-08-03 15:23:29,2,2,0
132164,2025-08-03 15:18:29,2,2,0
132164,2025-08-03 15:13:29,2,2,0
132164,2025-08-03 15:08:29,2,2,0
132164,2025-08-03 15:03:29,2,2,0
132164,2025-08-03 14:58:29,2,2,0
132164,2025-08-03 14:53:29,2,2,0
132164,2025-08-03 14:48:29,2,2,0
132164,2025-08-03 14:43:29,2,2,0
132164,2025-08-03 14:38:29,2,2,0
132164,2025-08-03 14:33:29,2,2,0
132164,2025-08-03 14:28:29,2,2,0
132164,2025-08-03 14:23:29,2,2,0
132164,2025-08-03 14:18:29,2,2,0
132164,2025-08-03 14:13:29,2,2,0
132164,2025-08-03 14:08:29,2,2,0
132164,2025-08-03 14:03:29,2,2,0
132164,2025-08-03 13:58:29,2,2,0
132164,2025-08-03 13:53:29,2,2,0
132164,2025-08-03 13:48:29,2,2,0
132164,2025-08-03 13:43:29,2,2,0
132164,2025-08-03 13:38:29,2,2,0
132164,2025-08-03 13:33:29,2,2,0
132164,2025-08-03 13:28:29,2,2,0
132164,2025-08-03 13:23:29,2,2,0
132164,2025-08-03 13:18:29,2,2,0
132164,2025-08-03 13:13:29,2,2,0
132164,2025-08-03 13:08:29,2,2,0
132164,2025-08-03 13:03:29,2,2,0
132164,2025-08-03 12:58:29,2,2,0
132164,2025-08-03 12:53:29,2,2,0
132164,2025-08-03 12:48:29,2,2,0
132164,2025-08-03 12:43:29,2,2,0
132164,2025-08-03 12:38:29,2,2,0
132164,2025-08-03 12:33:29,2,2,0
132164,2025-08-03 12:28:29,2,2,0
132164,2025-08-03 12:23:29,2,2,0
132164,2025-08-03 12:18:29,2,2,0
132164,2025-08-03 12:13:30,2,2,0
132164,2025-08-03 12:08:29,2,2,0
132164,2025-08-03 12:03:29,2,2,0
132164,2025-08-03 11:58:29,2,2,0
132164,2025-08-03 11:53:29,2,2,0
132164,2025-08-03 11:48:29,2,2,0
132164,2025-08-03 11:43:29,2,2,0
132164,2025-08-03 11:38:29,2,2,0
132164,2025-08-03 11:33:29,2,2,0
132164,2025-08-03 11:28:29,2,2,0
132164,2025-08-03 11:23:29,2,2,0
132164,2025-08-03 11:18:29,2,2,0
132164,2025-08-03 11:13:29,2,2,0
132164,2025-08-03 11:08:29,2,2,0
132164,2025-08-03 11:03:29,2,2,0
132164,2025-08-03 10:58:29,2,2,0
132164,2025-08-03 10:53:29,2,2,0
132164,2025-08-03 10:48:29,2,2,0
132164,2025-08-03 10:43:29,2,2,0
132164,2025-08-03 10:38:29,2,2,0
132164,2025-08-03 10:33:29,2,2,0
132164,2025-08-03 10:28:29,2,2,0
132164,2025-08-03 10:23:29,2,2,0
132164,2025-08-03 10:18:29,2,2,0
132164,2025-08-03 10:13:29,2,2,0
132164,2025-08-03 10:08:29,2,2,0
132164,2025-08-03 10:03:29,2,2,0
132164,2025-08-03 09:58:29,2,2,0
132164,2025-08-03 09:53:29,2,2,0
132164,2025-08-03 09:48:29,2,2,0
132164,2025-08-03 09:43:29,2,2,0
132164,2025-08-03 09:38:29,2,2,0
132164,2025-08-03 09:33:29,2,2,0
132164,2025-08-03 09:28:29,2,2,0
132164,2025-08-03 09:23:29,2,2,0
132164,2025-08-03 09:18:29,2,2,0
132164,2025-08-03 09:13:29,2,2,0
132164,2025-08-03 09:08:29,2,2,0
132164,2025-08-03 09:03:29,2,2,0
132164,2025-08-03 08:58:29,2,2,0
132164,2025-08-03 08:53:29,2,2,0
132164,2025-08-03 08:48:29,2,2,0
132164,2025-08-03 08:43:29,2,2,0
132164,2025-08-03 08:38:29,2,2,0
132164,2025-08-03 08:33:29,2,2,0
132164,2025-08-03 08:28:29,2,2,0
132164,2025-08-03 08:23:29,2,2,0
132164,2025-08-03 08:18:29,2,2,0
132164,2025-08-03 08:13:29,2,2,0
132164,2025-08-03 08:08:29,2,2,0
132164,2025-08-03 08:03:29,2,2,0
132164,2025-08-03 07:58:29,2,2,0
132164,2025-08-03 07:53:32,2,2,0
132164,2025-08-03 07:48:29,2,2,0
132164,2025-08-03 07:43:29,2,2,0
132164,2025-08-03 07:38:29,2,2,0
132164,2025-08-03 07:33:29,2,2,0
132164,2025-08-03 07:28:29,2,2,0
132164,2025-08-03 07:23:29,2,2,0
132164,2025-08-03 07:18:29,2,2,0
132164,2025-08-03 07:13:29,2,2,0
132164,2025-08-03 07:08:29,2,2,0
132164,2025-08-03 07:03:29,2,2,0
132164,2025-08-03 06:58:29,2,2,0
132164,2025-08-03 06:53:29,2,2,0
132164,2025-08-03 06:48:29,2,2,0
132164,2025-08-03 06:43:29,2,2,0
132164,2025-08-03 06:38:29,2,2,0
132164,2025-08-03 06:33:29,2,2,0
132164,2025-08-03 06:28:29,2,2,0
132164,2025-08-03 06:23:29,2,2,0
132164,2025-08-03 06:18:29,2,2,0
132164,2025-08-03 06:13:29,2,2,0
132164,2025-08-03 06:08:29,2,2,0
132164,2025-08-03 06:03:29,2,2,0
132164,2025-08-03 05:58:29,2,2,0
132164,2025-08-03 05:53:29,2,2,0
132164,2025-08-03 05:48:29,2,2,0
132164,2025-08-03 05:43:29,2,2,0
132164,2025-08-03 05:38:29,2,2,0
132164,2025-08-03 05:33:29,2,2,0
132164,2025-08-03 05:28:29,2,2,0
132164,2025-08-03 05:23:29,2,2,0
132164,2025-08-03 05:18:29,2,2,0
132164,2025-08-03 05:13:29,2,2,0
132164,2025-08-03 05:08:29,2,2,0
132164,2025-08-03 05:03:29,2,2,0
132164,2025-08-03 04:58:29,2,2,0
132164,2025-08-03 04:53:29,2,2,0
132164,2025-08-03 04:48:29,2,2,0
132164,2025-08-03 04:43:29,2,2,0
132164,2025-08-03 04:38:29,2,2,0
132164,2025-08-03 04:33:29,2,2,0
132164,2025-08-03 04:28:29,2,2,0
132164,2025-08-03 04:23:29,2,2,0
132164,2025-08-03 04:18:29,2,2,0
132164,2025-08-03 04:13:29,2,2,0
132164,2025-08-03 04:08:29,2,2,0
132164,2025-08-03 04:03:29,2,2,0
132164,2025-08-03 03:58:29,2,2,0
132164,2025-08-03 03:53:29,2,2,0
132164,2025-08-03 03:48:29,2,2,0
132164,2025-08-03 03:43:29,2,2,0
132164,2025-08-03 03:38:29,2,2,0
132164,2025-08-03 03:33:29,2,2,0
132164,2025-08-03 03:28:29,2,2,0
132164,2025-08-03 03:23:29,2,2,0
132164,2025-08-03 03:18:29,2,2,0
132164,2025-08-03 03:13:29,2,2,0
132164,2025-08-03 03:08:29,2,2,0
132164,2025-08-03 03:03:29,2,2,0
132164,2025-08-03 02:58:29,2,2,0
132164,2025-08-03 02:53:29,2,2,0
132164,2025-08-03 02:48:29,2,2,0
132164,2025-08-03 02:43:29,2,2,0
132164,2025-08-03 02:38:29,2,2,0
132164,2025-08-03 02:33:29,2,2,0
132164,2025-08-03 02:28:29,2,2,0
132164,2025-08-03 02:23:29,2,2,0
132164,2025-08-03 02:18:29,2,2,0
132164,2025-08-03 02:13:29,2,2,0
132164,2025-08-03 02:08:32,2,2,0
132164,2025-08-03 02:03:29,2,2,0
132164,2025-08-03 01:58:29,2,2,0
132164,2025-08-03 01:53:29,2,2,0
132164,2025-08-03 01:48:29,2,2,0
132164,2025-08-03 01:43:29,2,2,0
132164,2025-08-03 01:38:29,2,2,0
132164,2025-08-03 01:33:29,2,2,0
132164,2025-08-03 01:28:29,2,2,0
132164,2025-08-03 01:23:29,2,2,0
132164,2025-08-03 01:18:29,2,2,0
132164,2025-08-03 01:13:29,2,2,0
132164,2025-08-03 01:08:29,2,2,0
132164,2025-08-03 01:03:29,2,2,0
132164,2025-08-03 00:58:29,2,2,0
132164,2025-08-03 00:53:29,2,2,0
132164,2025-08-03 00:48:29,2,2,0
132164,2025-08-03 00:43:29,2,2,0
132164,2025-08-03 00:38:30,2,2,0
132164,2025-08-03 00:33:31,2,2,0
132164,2025-08-03 00:28:29,2,2,0
132164,2025-08-03 00:23:29,2,2,0
132164,2025-08-03 00:18:29,2,2,0
132164,2025-08-03 00:13:29,2,2,0
132164,2025-08-03 00:08:29,2,2,0
132164,2025-08-03 00:03:29,2,2,0
132164,2025-08-02 23:58:29,2,2,0
132164,2025-08-02 23:53:29,2,2,0
132164,2025-08-02 23:48:29,2,2,0
132164,2025-08-02 23:43:29,2,2,0
132164,2025-08-02 23:38:29,2,2,0
132164,2025-08-02 23:33:29,2,2,0
132164,2025-08-02 23:28:29,2,2,0
132164,2025-08-02 23:23:29,2,2,0
132164,2025-08-02 23:18:29,2,2,0
132164,2025-08-02 23:13:29,2,2,0
132164,2025-08-02 23:08:29,2,2,0
132164,2025-08-02 23:03:29,2,2,0
132164,2025-08-02 22:58:29,2,2,0
132164,2025-08-02 22:53:29,2,2,0
132164,2025-08-02 22:48:30,2,2,0
132164,2025-08-02 22:43:29,2,2,0
132164,2025-08-02 22:38:29,2,2,0
132164,2025-08-02 22:33:29,2,2,0
132164,2025-08-02 22:28:29,2,2,0
132164,2025-08-02 22:23:29,2,2,0
132164,2025-08-02 22:18:29,2,2,0
132164,2025-08-02 22:13:29,2,2,0
132164,2025-08-02 22:08:29,2,2,0
132164,2025-08-02 22:03:29,2,2,0
132164,2025-08-02 21:58:29,2,2,0
132164,2025-08-02 21:53:29,2,2,0
132164,2025-08-02 21:48:29,2,2,0
132164,2025-08-02 21:43:29,2,2,0
132164,2025-08-02 21:38:29,2,2,0
132164,2025-08-02 21:33:29,2,2,0
132164,2025-08-02 21:28:29,2,2,0
132164,2025-08-02 21:23:29,2,2,0
132164,2025-08-02 21:18:29,2,2,0
132164,2025-08-02 21:13:29,2,2,0
132164,2025-08-02 21:08:29,2,2,0
132164,2025-08-02 21:03:29,2,2,0
132164,2025-08-02 20:58:29,2,2,0
132164,2025-08-02 20:53:29,2,2,0
132164,2025-08-02 20:48:29,2,2,0
132164,2025-08-02 20:43:29,2,2,0
132164,2025-08-02 20:38:29,2,2,0
132164,2025-08-02 20:33:29,2,2,0
132164,2025-08-02 20:28:29,2,2,0
132164,2025-08-02 20:23:29,2,2,0
132164,2025-08-02 20:18:29,2,2,0
132164,2025-08-02 20:13:29,2,2,0
132164,2025-08-02 20:08:29,2,2,0
132164,2025-08-02 20:03:29,2,2,0
132164,2025-08-02 19:58:29,2,2,0
132164,2025-08-02 19:53:29,2,2,0
132164,2025-08-02 19:48:29,2,2,0
132164,2025-08-02 19:43:29,2,2,0
132164,2025-08-02 19:38:30,2,2,0
132164,2025-08-02 19:33:29,2,2,0
132164,2025-08-02 19:28:30,2,2,0
132164,2025-08-02 19:23:29,2,2,0
132164,2025-08-02 19:18:29,2,2,0
132164,2025-08-02 19:13:29,2,2,0
132164,2025-08-02 19:08:29,2,2,0
132164,2025-08-02 19:03:29,2,2,0
132164,2025-08-02 18:58:29,2,2,0
132164,2025-08-02 18:53:29,2,2,0
132164,2025-08-02 18:48:29,2,2,0
132164,2025-08-02 18:43:29,2,2,0
132164,2025-08-02 18:38:29,2,2,0
132164,2025-08-02 18:33:29,2,2,0
132164,2025-08-02 18:28:29,2,2,0
132164,2025-08-02 18:23:29,2,2,0
132164,2025-08-02 18:18:29,2,2,0
132164,2025-08-02 18:13:29,2,2,0
132164,2025-08-02 18:08:29,2,2,0
132164,2025-08-02 18:03:29,2,2,0
132164,2025-08-02 17:58:29,2,2,0
132164,2025-08-02 17:53:29,2,2,0
132164,2025-08-02 17:48:29,2,2,0
132164,2025-08-02 17:43:29,2,2,0
132164,2025-08-02 17:38:29,2,2,0
132164,2025-08-02 17:33:29,2,2,0
132164,2025-08-02 17:28:29,2,2,0
132164,2025-08-02 17:23:29,2,2,0
132164,2025-08-02 17:18:29,2,2,0
132164,2025-08-02 17:13:29,2,2,0
132164,2025-08-02 17:08:29,2,2,0
132164,2025-08-02 17:03:29,2,2,0
132164,2025-08-02 16:58:29,2,2,0
132164,2025-08-02 16:53:29,2,2,0
132164,2025-08-02 16:48:29,2,2,0
132164,2025-08-02 16:43:30,2,2,0
132164,2025-08-02 16:38:29,2,2,0
132164,2025-08-02 16:33:29,2,2,0
132164,2025-08-02 16:28:29,2,2,0
132164,2025-08-02 16:23:29,2,2,0
132164,2025-08-02 16:18:29,2,2,0
132164,2025-08-02 16:13:29,2,2,0
132164,2025-08-02 16:08:29,2,2,0
132164,2025-08-02 16:03:29,2,2,0
132164,2025-08-02 15:58:29,2,2,0
132164,2025-08-02 15:53:29,2,2,0
132164,2025-08-02 15:48:29,2,2,0
132164,2025-08-02 15:43:29,2,2,0
132164,2025-08-02 15:38:29,2,2,0
132164,2025-08-02 15:33:29,2,2,0
132164,2025-08-02 15:28:29,2,2,0
132164,2025-08-02 15:23:29,2,2,0
132164,2025-08-02 15:18:29,2,2,0
132164,2025-08-02 15:13:29,2,2,0
132164,2025-08-02 15:08:29,2,2,0
132164,2025-08-02 15:03:29,2,2,0
132164,2025-08-02 14:58:29,2,2,0
132164,2025-08-02 14:53:29,2,2,0
132164,2025-08-02 14:48:29,2,2,0
132164,2025-08-02 14:43:29,2,2,0
132164,2025-08-02 14:38:30,2,2,0
132164,2025-08-02 14:33:29,2,2,0
132164,2025-08-02 14:28:31,2,2,0
132164,2025-08-02 14:23:29,2,2,0
132164,2025-08-02 14:18:29,2,2,0
132164,2025-08-02 14:13:29,2,2,0
132164,2025-08-02 14:08:29,2,2,0
132164,2025-08-02 14:03:29,2,2,0
132164,2025-08-02 13:58:30,2,2,0
132164,2025-08-02 13:53:31,2,2,0
132164,2025-08-02 13:48:31,2,2,0
132164,2025-08-02 13:43:30,2,2,0
132164,2025-08-02 13:38:29,2,2,0
132164,2025-08-02 13:33:29,2,2,0
132164,2025-08-02 13:28:29,2,2,0
132164,2025-08-02 13:23:30,2,2,0
132164,2025-08-02 13:18:29,2,2,0
132164,2025-08-02 13:13:29,2,2,0
132164,2025-08-02 13:08:29,2,2,0
132164,2025-08-02 13:03:29,2,2,0
132164,2025-08-02 12:58:30,2,2,0
132164,2025-08-02 12:53:29,2,2,0
132164,2025-08-02 12:48:29,2,2,0
132164,2025-08-02 12:43:29,2,2,0
132164,2025-08-02 12:38:29,2,2,0
132164,2025-08-02 12:33:29,2,2,0
132164,2025-08-02 12:28:29,2,2,0
132164,2025-08-02 12:23:29,2,2,0
132164,2025-08-02 12:18:29,2,2,0
132164,2025-08-02 12:13:29,2,2,0
132164,2025-08-02 12:08:29,2,2,0
132164,2025-08-02 12:03:29,2,2,0
132164,2025-08-02 11:58:29,2,2,0
132164,2025-08-02 11:53:29,2,2,0
132164,2025-08-02 11:48:29,2,2,0
132164,2025-08-02 11:43:29,2,2,0
132164,2025-08-02 11:38:29,2,2,0
132164,2025-08-02 11:33:29,2,2,0
132164,2025-08-02 11:28:29,2,2,0
132164,2025-08-02 11:23:29,2,2,0
132164,2025-08-02 11:18:29,2,2,0
132164,2025-08-02 11:13:29,2,2,0
132164,2025-08-02 11:08:29,2,2,0
132164,2025-08-02 11:03:29,2,2,0
132164,2025-08-02 10:58:29,2,2,0
132164,2025-08-02 10:53:29,2,2,0
132164,2025-08-02 10:48:29,2,2,0
132164,2025-08-02 10:43:29,2,2,0
132164,2025-08-02 10:38:29,2,2,0
132164,2025-08-02 10:33:29,2,2,0
132164,2025-08-02 10:28:29,2,2,0
132164,2025-08-02 10:23:29,2,2,0
132164,2025-08-02 10:18:29,2,2,0
132164,2025-08-02 10:13:29,2,2,0
132164,2025-08-02 10:08:29,2,2,0
132164,2025-08-02 10:03:29,2,2,0
132164,2025-08-02 09:58:29,2,2,0
132164,2025-08-02 09:53:29,2,2,0
132164,2025-08-02 09:48:29,2,2,0
132164,2025-08-02 09:43:29,2,2,0
132164,2025-08-02 09:38:29,2,2,0
132164,2025-08-02 09:33:29,2,2,0
132164,2025-08-02 09:28:29,2,2,0
132164,2025-08-02 09:23:29,2,2,0
132164,2025-08-02 09:18:29,2,2,0
132164,2025-08-02 09:13:29,2,2,0
132164,2025-08-02 09:08:29,2,2,0
132164,2025-08-02 09:03:29,2,2,0
132164,2025-08-02 08:58:29,2,2,0
132164,2025-08-02 08:53:29,2,2,0
132164,2025-08-02 08:48:29,2,2,0
132164,2025-08-02 08:43:29,2,2,0
132164,2025-08-02 08:38:29,2,2,0
132164,2025-08-02 08:33:29,2,2,0
132164,2025-08-02 08:28:29,2,2,0
132164,2025-08-02 08:23:29,2,2,0
132164,2025-08-02 08:18:29,2,2,0
132164,2025-08-02 08:13:29,2,2,0
132164,2025-08-02 08:08:29,2,2,0
132164,2025-08-02 08:03:29,2,2,0
132164,2025-08-02 07:58:29,2,2,0
132164,2025-08-02 07:53:29,2,2,0
132164,2025-08-02 07:48:29,2,2,0
132164,2025-08-02 07:43:29,2,2,0
132164,2025-08-02 07:38:29,2,2,0
132164,2025-08-02 07:33:29,2,2,0
132164,2025-08-02 07:28:29,2,2,0
132164,2025-08-02 07:23:29,2,2,0
132164,2025-08-02 07:18:29,2,2,0
132164,2025-08-02 07:13:29,2,2,0
132164,2025-08-02 07:08:29,2,2,0
132164,2025-08-02 07:03:29,2,2,0
132164,2025-08-02 06:58:29,2,2,0
132164,2025-08-02 06:53:29,2,2,0
132164,2025-08-02 06:48:29,2,2,0
132164,2025-08-02 06:43:29,2,2,0
132164,2025-08-02 06:38:29,2,2,0
132164,2025-08-02 06:33:29,2,2,0
132164,2025-08-02 06:28:29,2,2,0
132164,2025-08-02 06:23:29,2,2,0
132164,2025-08-02 06:18:29,2,2,0
132164,2025-08-02 06:13:29,2,2,0
132164,2025-08-02 06:08:29,2,2,0
132164,2025-08-02 06:03:29,2,2,0
132164,2025-08-02 05:58:29,2,2,0
132164,2025-08-02 05:53:29,2,2,0
132164,2025-08-02 05:48:29,2,2,0
132164,2025-08-02 05:43:29,2,2,0
132164,2025-08-02 05:38:29,2,2,0
132164,2025-08-02 05:33:29,2,2,0
132164,2025-08-02 05:28:29,2,2,0
132164,2025-08-02 05:23:29,2,2,0
132164,2025-08-02 05:18:29,2,2,0
132164,2025-08-02 05:13:29,2,2,0
132164,2025-08-02 05:08:29,2,2,0
132164,2025-08-02 05:03:29,2,2,0
132164,2025-08-02 04:58:29,2,2,0
132164,2025-08-02 04:53:29,2,2,0
132164,2025-08-02 04:48:29,2,2,0
132164,2025-08-02 04:43:29,2,2,0
132164,2025-08-02 04:38:29,2,2,0
132164,2025-08-02 04:33:29,2,2,0
132164,2025-08-02 04:29:53,2,2,0
132164,2025-08-02 04:23:29,2,2,0
132164,2025-08-02 04:18:29,2,2,0
132164,2025-08-02 04:13:29,2,2,0
132164,2025-08-02 04:08:29,2,2,0
132164,2025-08-02 04:03:29,2,2,0
132164,2025-08-02 03:58:29,2,2,0
132164,2025-08-02 03:53:29,2,2,0
132164,2025-08-02 03:48:29,2,2,0
132164,2025-08-02 03:43:29,2,2,0
132164,2025-08-02 03:38:29,2,2,0
132164,2025-08-02 03:33:29,2,2,0
132164,2025-08-02 03:28:29,2,2,0
132164,2025-08-02 03:23:29,2,2,0
132164,2025-08-02 03:18:29,2,2,0
132164,2025-08-02 03:13:30,2,2,0
132164,2025-08-02 03:08:29,2,2,0
132164,2025-08-02 03:03:29,2,2,0
132164,2025-08-02 02:58:29,2,2,0
132164,2025-08-02 02:53:30,2,2,0
132164,2025-08-02 02:48:29,2,2,0
132164,2025-08-02 02:43:29,2,2,0
132164,2025-08-02 02:38:29,2,2,0
132164,2025-08-02 02:33:29,2,2,0
132164,2025-08-02 02:28:29,2,2,0
132164,2025-08-02 02:23:29,2,2,0
132164,2025-08-02 02:18:29,2,2,0
132164,2025-08-02 02:13:29,2,2,0
132164,2025-08-02 02:08:29,2,2,0
132164,2025-08-02 02:03:29,2,2,0
132164,2025-08-02 01:58:29,2,2,0
132164,2025-08-02 01:53:29,2,2,0
132164,2025-08-02 01:48:29,2,2,0
132164,2025-08-02 01:43:29,2,2,0
132164,2025-08-02 01:38:29,2,2,0
132164,2025-08-02 01:33:29,2,2,0
132164,2025-08-02 01:28:29,2,2,0
132164,2025-08-02 01:23:30,2,2,0
132164,2025-08-02 01:18:29,2,2,0
132164,2025-08-02 01:13:29,2,2,0
132164,2025-08-02 01:08:29,2,2,0
132164,2025-08-02 01:03:29,2,2,0
132164,2025-08-02 00:58:29,2,2,0
132164,2025-08-02 00:53:29,2,2,0
132164,2025-08-02 00:48:29,2,2,0
132164,2025-08-02 00:43:29,2,2,0
132164,2025-08-02 00:38:29,2,2,0
132164,2025-08-02 00:33:29,2,2,0
132164,2025-08-02 00:28:29,2,2,0
132164,2025-08-02 00:23:29,2,2,0
132164,2025-08-02 00:18:29,2,2,0
132164,2025-08-02 00:13:29,2,2,0
132164,2025-08-02 00:08:29,2,2,0
132164,2025-08-02 00:03:29,2,2,0
132164,2025-08-01 23:58:29,2,2,0
132164,2025-08-01 23:53:30,2,2,0
132164,2025-08-01 23:48:29,2,2,0
132164,2025-08-01 23:43:29,2,2,0
132164,2025-08-01 23:38:29,2,2,0
132164,2025-08-01 23:33:29,2,2,0
132164,2025-08-01 23:28:29,2,2,0
132164,2025-08-01 23:23:29,2,2,0
132164,2025-08-01 23:18:29,2,2,0
132164,2025-08-01 23:13:29,2,2,0
132164,2025-08-01 23:08:29,2,2,0
132164,2025-08-01 23:03:29,2,2,0
132164,2025-08-01 22:58:29,2,2,0
132164,2025-08-01 22:53:29,2,2,0
132164,2025-08-01 22:48:29,2,2,0
132164,2025-08-01 22:43:29,2,2,0
132164,2025-08-01 22:38:29,2,2,0
132164,2025-08-01 22:33:29,2,2,0
132164,2025-08-01 22:28:29,2,2,0
132164,2025-08-01 22:23:29,2,2,0
132164,2025-08-01 22:18:29,2,2,0
132164,2025-08-01 22:13:29,2,2,0
132164,2025-08-01 22:08:29,2,2,0
132164,2025-08-01 22:03:29,2,2,0
132164,2025-08-01 21:58:29,2,2,0
132164,2025-08-01 21:53:30,2,2,0
132164,2025-08-01 21:48:29,2,2,0
132164,2025-08-01 21:43:29,2,2,0
132164,2025-08-01 21:38:29,2,2,0
132164,2025-08-01 21:33:29,2,2,0
132164,2025-08-01 21:28:29,2,2,0
132164,2025-08-01 21:23:29,2,2,0
132164,2025-08-01 21:18:29,2,2,0
132164,2025-08-01 21:13:29,2,2,0
132164,2025-08-01 21:08:29,2,2,0
132164,2025-08-01 21:03:29,2,2,0
132164,2025-08-01 20:58:29,2,2,0
132164,2025-08-01 20:53:29,2,2,0
132164,2025-08-01 20:48:29,2,2,0
132164,2025-08-01 20:43:30,2,2,0
132164,2025-08-01 20:38:29,2,2,0
132164,2025-08-01 20:33:29,2,2,0
132164,2025-08-01 20:28:29,2,2,0
132164,2025-08-01 20:23:29,2,2,0
132164,2025-08-01 20:18:29,2,2,0
132164,2025-08-01 20:13:29,2,2,0
132164,2025-08-01 20:08:29,2,2,0
132164,2025-08-01 20:03:29,2,2,0
132164,2025-08-01 19:58:29,2,2,0
132164,2025-08-01 19:53:30,2,2,0
132164,2025-08-01 19:48:29,2,2,0
132164,2025-08-01 19:43:29,2,2,0
132164,2025-08-01 19:38:29,2,2,0
132164,2025-08-01 19:33:30,2,2,0
132164,2025-08-01 19:28:29,2,2,0
132164,2025-08-01 19:23:29,2,2,0
132164,2025-08-01 19:18:29,2,2,0
132164,2025-08-01 19:13:29,2,2,0
132164,2025-08-01 19:08:29,2,2,0
132164,2025-08-01 19:03:30,2,2,0
132164,2025-08-01 18:58:29,2,2,0
132164,2025-08-01 18:53:29,2,2,0
132164,2025-08-01 18:48:29,2,2,0
132164,2025-08-01 18:43:29,2,2,0
132164,2025-08-01 18:38:29,2,2,0
132164,2025-08-01 18:33:29,2,2,0
132164,2025-08-01 18:28:29,2,2,0
132164,2025-08-01 18:23:29,2,2,0
132164,2025-08-01 18:18:29,2,2,0
132164,2025-08-01 18:13:29,2,2,0
132164,2025-08-01 18:08:29,2,2,0
132164,2025-08-01 18:03:29,2,2,0
132164,2025-08-01 17:58:29,2,2,0
132164,2025-08-01 17:53:29,2,2,0
132164,2025-08-01 17:48:29,2,2,0
132164,2025-08-01 17:43:29,2,2,0
132164,2025-08-01 17:38:29,2,2,0
132164,2025-08-01 17:33:29,2,2,0
132164,2025-08-01 17:28:29,2,2,0
132164,2025-08-01 17:23:29,2,2,0
132164,2025-08-01 17:18:29,2,2,0
132164,2025-08-01 17:13:29,2,2,0
132164,2025-08-01 17:08:29,2,2,0
132164,2025-08-01 17:03:29,2,2,0
132164,2025-08-01 16:58:29,2,2,0
132164,2025-08-01 16:53:29,2,2,0
132164,2025-08-01 16:48:29,2,2,0
132164,2025-08-01 16:43:30,2,2,0
132164,2025-08-01 16:38:29,2,2,0
132164,2025-08-01 16:33:29,2,2,0
132164,2025-08-01 16:28:29,2,2,0
132164,2025-08-01 16:23:29,2,2,0
132164,2025-08-01 16:18:29,2,2,0
132164,2025-08-01 16:13:29,2,2,0
132164,2025-08-01 16:08:29,2,2,0
132164,2025-08-01 16:03:29,2,2,0
132164,2025-08-01 15:58:29,2,2,0
132164,2025-08-01 15:53:29,2,2,0
132164,2025-08-01 15:48:30,2,2,0
132164,2025-08-01 15:43:30,2,2,0
132164,2025-08-01 15:38:29,2,2,0
132164,2025-08-01 15:33:29,2,2,0
132164,2025-08-01 15:28:29,2,2,0
132164,2025-08-01 15:23:29,2,2,0
132164,2025-08-01 15:18:29,2,2,0
132164,2025-08-01 15:13:29,2,2,0
132164,2025-08-01 15:08:29,2,2,0
132164,2025-08-01 15:03:29,2,2,0
132164,2025-08-01 14:58:29,2,2,0
132164,2025-08-01 14:53:29,2,2,0
132164,2025-08-01 14:48:29,2,2,0
132164,2025-08-01 14:43:29,2,2,0
132164,2025-08-01 14:38:29,2,2,0
132164,2025-08-01 14:33:29,2,2,0
132164,2025-08-01 14:28:29,2,2,0
132164,2025-08-01 14:23:29,2,2,0
132164,2025-08-01 14:18:29,2,2,0
132164,2025-08-01 14:13:29,2,2,0
132164,2025-08-01 14:08:29,2,2,0
132164,2025-08-01 14:03:29,2,2,0
132164,2025-08-01 13:58:29,2,2,0
132164,2025-08-01 13:53:29,2,2,0
132164,2025-08-01 13:48:29,2,2,0
132164,2025-08-01 13:43:29,2,2,0
132164,2025-08-01 13:38:29,2,2,0
132164,2025-08-01 13:33:29,2,2,0
132164,2025-08-01 13:28:29,2,2,0
132164,2025-08-01 13:23:29,2,2,0
132164,2025-08-01 13:18:29,2,2,0
132164,2025-08-01 13:13:29,2,2,0
132164,2025-08-01 13:08:29,2,2,0
132164,2025-08-01 13:03:29,2,2,0
132164,2025-08-01 12:58:29,2,2,0
132164,2025-08-01 12:53:29,2,2,0
132164,2025-08-01 12:48:29,2,2,0
132164,2025-08-01 12:43:29,2,2,0
132164,2025-08-01 12:38:29,2,2,0
132164,2025-08-01 12:33:29,2,2,0
132164,2025-08-01 12:28:29,2,2,0
132164,2025-08-01 12:23:29,2,2,0
132164,2025-08-01 12:18:29,2,2,0
132164,2025-08-01 12:13:29,2,2,0
132164,2025-08-01 12:08:29,2,2,0
132164,2025-08-01 12:03:29,2,2,0
132164,2025-08-01 11:58:29,2,2,0
132164,2025-08-01 11:53:29,2,2,0
132164,2025-08-01 11:48:29,2,2,0
132164,2025-08-01 11:43:29,2,2,0
132164,2025-08-01 11:38:29,2,2,0
132164,2025-08-01 11:33:29,2,2,0
132164,2025-08-01 11:28:29,2,2,0
132164,2025-08-01 11:23:29,2,2,0
132164,2025-08-01 11:18:29,2,2,0
132164,2025-08-01 11:13:29,2,2,0
132164,2025-08-01 11:08:29,2,2,0
132164,2025-08-01 11:03:29,2,2,0
132164,2025-08-01 10:58:29,2,2,0
132164,2025-08-01 10:53:29,2,2,0
132164,2025-08-01 10:48:29,2,2,0
132164,2025-08-01 10:43:29,2,2,0
132164,2025-08-01 10:38:29,2,2,0
132164,2025-08-01 10:33:29,2,2,0
132164,2025-08-01 10:28:29,2,2,0
132164,2025-08-01 10:23:29,2,2,0
132164,2025-08-01 10:18:29,2,2,0
132164,2025-08-01 10:13:29,2,2,0
132164,2025-08-01 10:08:29,2,2,0
132164,2025-08-01 10:03:29,2,2,0
132164,2025-08-01 09:58:29,2,2,0
132164,2025-08-01 09:53:29,2,2,0
132164,2025-08-01 09:48:29,2,2,0
132164,2025-08-01 09:43:29,2,2,0
132164,2025-08-01 09:38:29,2,2,0
132164,2025-08-01 09:33:29,2,2,0
132164,2025-08-01 09:28:29,2,2,0
132164,2025-08-01 09:23:29,2,2,0
132164,2025-08-01 09:18:29,2,2,0
132164,2025-08-01 09:13:29,2,2,0
132164,2025-08-01 09:08:29,2,2,0
132164,2025-08-01 09:03:29,2,2,0
132164,2025-08-01 08:58:29,2,2,0
132164,2025-08-01 08:53:29,2,2,0
132164,2025-08-01 08:48:29,2,2,0
132164,2025-08-01 08:43:29,2,2,0
132164,2025-08-01 08:38:29,2,2,0
132164,2025-08-01 08:33:29,2,2,0
132164,2025-08-01 08:28:29,2,2,0
132164,2025-08-01 08:23:29,2,2,0
132164,2025-08-01 08:18:29,2,2,0
132164,2025-08-01 08:13:29,2,2,0
132164,2025-08-01 08:08:29,2,2,0
132164,2025-08-01 08:03:29,2,2,0
132164,2025-08-01 07:58:29,2,2,0
132164,2025-08-01 07:53:29,2,2,0
132164,2025-08-01 07:48:29,2,2,0
132164,2025-08-01 07:43:29,2,2,0
132164,2025-08-01 07:38:30,2,2,0
132164,2025-08-01 07:33:29,2,2,0
132164,2025-08-01 07:28:29,2,2,0
132164,2025-08-01 07:23:29,2,2,0
132164,2025-08-01 07:18:29,2,2,0
132164,2025-08-01 07:13:29,2,2,0
132164,2025-08-01 07:08:29,2,2,0
132164,2025-08-01 07:03:29,2,2,0
132164,2025-08-01 06:58:29,2,2,0
132164,2025-08-01 06:53:29,2,2,0
132164,2025-08-01 06:48:29,2,2,0
132164,2025-08-01 06:43:29,2,2,0
132164,2025-08-01 06:38:29,2,2,0
132164,2025-08-01 06:33:29,2,2,0
132164,2025-08-01 06:28:29,2,2,0
132164,2025-08-01 06:23:29,2,2,0
132164,2025-08-01 06:18:29,2,2,0
132164,2025-08-01 06:13:29,2,2,0
132164,2025-08-01 06:08:29,2,2,0
132164,2025-08-01 06:03:30,2,2,0
132164,2025-08-01 05:58:29,2,2,0
132164,2025-08-01 05:53:29,2,2,0
132164,2025-08-01 05:48:29,2,2,0
132164,2025-08-01 05:43:29,2,2,0
132164,2025-08-01 05:38:29,2,2,0
132164,2025-08-01 05:33:29,2,2,0
132164,2025-08-01 05:28:29,2,2,0
132164,2025-08-01 05:23:29,2,2,0
132164,2025-08-01 05:18:29,2,2,0
132164,2025-08-01 05:13:29,2,2,0
132164,2025-08-01 05:08:30,2,2,0
132164,2025-08-01 05:03:29,2,2,0
132164,2025-08-01 04:58:29,2,2,0
132164,2025-08-01 04:53:29,2,2,0
132164,2025-08-01 04:48:29,2,2,0
132164,2025-08-01 04:43:29,2,2,0
132164,2025-08-01 04:38:29,2,2,0
132164,2025-08-01 04:33:29,2,2,0
132164,2025-08-01 04:28:29,2,2,0
132164,2025-08-01 04:23:29,2,2,0
132164,2025-08-01 04:18:29,2,2,0
132164,2025-08-01 04:13:29,2,2,0
132164,2025-08-01 04:08:29,2,2,0
132164,2025-08-01 04:03:29,2,2,0
132164,2025-08-01 03:58:29,2,2,0
132164,2025-08-01 03:53:29,2,2,0
132164,2025-08-01 03:48:29,2,2,0
132164,2025-08-01 03:43:29,2,2,0
132164,2025-08-01 03:38:29,2,2,0
132164,2025-08-01 03:33:29,2,2,0
132164,2025-08-01 03:28:30,2,2,0
132164,2025-08-01 03:23:29,2,2,0
132164,2025-08-01 03:18:29,2,2,0
132164,2025-08-01 03:13:29,2,2,0
132164,2025-08-01 03:08:29,2,2,0
132164,2025-08-01 03:03:29,2,2,0
132164,2025-08-01 02:58:30,2,2,0
132164,2025-08-01 02:53:29,2,2,0
132164,2025-08-01 02:48:29,2,2,0
132164,2025-08-01 02:43:29,2,2,0
132164,2025-08-01 02:38:29,2,2,0
132164,2025-08-01 02:33:29,2,2,0
132164,2025-08-01 02:28:30,2,2,0
132164,2025-08-01 02:23:29,2,2,0
132164,2025-08-01 02:18:29,2,2,0
132164,2025-08-01 02:13:29,2,2,0
132164,2025-08-01 02:08:29,2,2,0
132164,2025-08-01 02:03:29,2,2,0
132164,2025-08-01 01:58:29,2,2,0
132164,2025-08-01 01:53:29,2,2,0
132164,2025-08-01 01:48:29,2,2,0
132164,2025-08-01 01:43:29,2,2,0
132164,2025-08-01 01:38:29,2,2,0
132164,2025-08-01 01:33:29,2,2,0
132164,2025-08-01 01:28:31,2,2,0
132164,2025-08-01 01:23:29,2,2,0
132164,2025-08-01 01:18:29,2,2,0
132164,2025-08-01 01:13:29,2,2,0
132164,2025-08-01 01:08:29,2,2,0
132164,2025-08-01 01:03:29,2,2,0
132164,2025-08-01 00:58:29,2,2,0
132164,2025-08-01 00:53:29,2,2,0
132164,2025-08-01 00:48:29,2,2,0
132164,2025-08-01 00:43:29,2,2,0
132164,2025-08-01 00:38:29,2,2,0
132164,2025-08-01 00:33:29,2,2,0
132164,2025-08-01 00:28:29,2,2,0
132164,2025-08-01 00:23:29,2,2,0
132164,2025-08-01 00:18:29,2,2,0
132164,2025-08-01 00:13:29,2,2,0
132164,2025-08-01 00:08:29,2,2,0
132164,2025-08-01 00:03:29,2,2,0
132164,2025-07-31 23:58:29,2,2,0
132164,2025-07-31 23:53:29,2,2,0
132164,2025-07-31 23:48:29,2,2,0
132164,2025-07-31 23:43:29,2,2,0
132164,2025-07-31 23:38:29,2,2,0
132164,2025-07-31 23:33:29,2,2,0
132164,2025-07-31 23:28:29,2,2,0
132164,2025-07-31 23:23:29,2,2,0
132164,2025-07-31 23:18:29,2,2,0
132164,2025-07-31 23:13:29,2,2,0
132164,2025-07-31 23:08:29,2,2,0
132164,2025-07-31 23:03:29,2,2,0
132164,2025-07-31 22:58:29,2,2,0
132164,2025-07-31 22:53:29,2,2,0
132164,2025-07-31 22:48:29,2,2,0
132164,2025-07-31 22:43:29,2,2,0
132164,2025-07-31 22:38:29,2,2,0
132164,2025-07-31 22:33:30,2,2,0
132164,2025-07-31 22:28:29,2,2,0
132164,2025-07-31 22:23:29,2,2,0
132164,2025-07-31 22:18:29,2,2,0
132164,2025-07-31 22:13:29,2,2,0
132164,2025-07-31 22:08:29,2,2,0
132164,2025-07-31 22:03:29,2,2,0
132164,2025-07-31 21:58:29,2,2,0
132164,2025-07-31 21:53:29,2,2,0
132164,2025-07-31 21:48:29,2,2,0
132164,2025-07-31 21:43:29,2,2,0
132164,2025-07-31 21:38:29,2,2,0
132164,2025-07-31 21:33:30,2,2,0
132164,2025-07-31 21:28:29,2,2,0
132164,2025-07-31 21:23:30,2,2,0
132164,2025-07-31 21:18:29,2,2,0
132164,2025-07-31 21:13:29,2,2,0
132164,2025-07-31 21:08:29,2,2,0
132164,2025-07-31 21:03:29,2,2,0
132164,2025-07-31 20:58:29,2,2,0
132164,2025-07-31 20:53:29,2,2,0
132164,2025-07-31 20:48:29,2,2,0
132164,2025-07-31 20:43:29,2,2,0
132164,2025-07-31 20:38:29,2,2,0
132164,2025-07-31 20:33:29,2,2,0
132164,2025-07-31 20:28:29,2,2,0
132164,2025-07-31 20:23:30,2,2,0
132164,2025-07-31 20:18:29,2,2,0
132164,2025-07-31 20:13:29,2,2,0
132164,2025-07-31 20:08:29,2,2,0
132164,2025-07-31 20:03:29,2,2,0
132164,2025-07-31 19:58:29,2,2,0
132164,2025-07-31 19:53:29,2,2,0
132164,2025-07-31 19:48:29,2,2,0
132164,2025-07-31 19:43:29,2,2,0
132164,2025-07-31 19:38:29,2,2,0
132164,2025-07-31 19:33:29,2,2,0
132164,2025-07-31 19:28:29,2,2,0
132164,2025-07-31 19:23:29,2,2,0
132164,2025-07-31 19:18:29,2,2,0
132164,2025-07-31 19:13:29,2,2,0
132164,2025-07-31 19:08:29,2,2,0
132164,2025-07-31 19:03:29,2,2,0
132164,2025-07-31 18:58:29,2,2,0
132164,2025-07-31 18:53:29,2,2,0
132164,2025-07-31 18:48:29,2,2,0
132164,2025-07-31 18:43:29,2,2,0
132164,2025-07-31 18:38:29,2,2,0
132164,2025-07-31 18:33:29,2,2,0
132164,2025-07-31 18:28:29,2,2,0
132164,2025-07-31 18:23:29,2,2,0
132164,2025-07-31 18:18:29,2,2,0
132164,2025-07-31 18:13:29,2,2,0
132164,2025-07-31 18:08:29,2,2,0
132164,2025-07-31 18:03:29,2,2,0
132164,2025-07-31 17:58:30,2,2,0
132164,2025-07-31 17:53:29,2,2,0
132164,2025-07-31 17:48:29,2,2,0
132164,2025-07-31 17:43:29,2,2,0
132164,2025-07-31 17:38:29,2,2,0
132164,2025-07-31 17:33:29,2,2,0
132164,2025-07-31 17:28:29,1,2,0
132164,2025-07-31 17:23:29,1,2,0
132164,2025-07-31 17:18:29,1,2,0
132164,2025-07-31 17:13:29,1,2,0
132164,2025-07-31 17:08:29,1,2,0
132164,2025-07-31 17:03:29,1,2,0
132164,2025-07-31 16:58:29,1,2,0
132164,2025-07-31 16:53:29,1,2,0
132164,2025-07-31 16:48:29,1,2,0
132164,2025-07-31 16:43:29,1,2,0
132164,2025-07-31 16:38:29,1,2,0
132164,2025-07-31 16:33:29,1,2,0
132164,2025-07-31 16:28:29,1,2,0
132164,2025-07-31 16:24:53,1,2,0
132164,2025-07-31 16:18:29,1,2,0
132164,2025-07-31 16:13:29,1,2,0
132164,2025-07-31 16:08:29,1,2,0
132164,2025-07-31 16:03:29,1,2,0
132164,2025-07-31 15:58:29,1,2,0
132164,2025-07-31 15:53:29,1,2,0
132164,2025-07-31 15:48:29,1,2,0
132164,2025-07-31 15:43:29,1,2,0
132164,2025-07-31 15:38:30,1,2,0
132164,2025-07-31 15:33:29,1,2,0
132164,2025-07-31 15:28:29,1,2,0
132164,2025-07-31 15:23:29,1,2,0
132164,2025-07-31 15:18:30,1,2,0
132164,2025-07-31 15:13:29,1,2,0
132164,2025-07-31 15:08:29,1,2,0
132164,2025-07-31 15:03:29,1,2,0
132164,2025-07-31 14:58:29,1,2,0
132164,2025-07-31 14:53:29,1,2,0
132164,2025-07-31 14:48:29,1,2,0
132164,2025-07-31 14:43:30,1,2,0
132164,2025-07-31 14:38:29,1,2,0
132164,2025-07-31 14:33:29,1,2,0
132164,2025-07-31 14:28:29,1,2,0
132164,2025-07-31 14:23:29,1,2,0
132164,2025-07-31 14:18:29,1,2,0
132164,2025-07-31 14:13:29,1,2,0
132164,2025-07-31 14:08:29,1,2,0
132164,2025-07-31 14:03:29,1,2,0
132164,2025-07-31 13:58:30,2,2,0
132164,2025-07-31 13:53:30,2,2,0
132164,2025-07-31 13:48:31,2,2,0
132164,2025-07-31 13:43:30,2,2,0
132164,2025-07-31 13:38:29,2,2,0
132164,2025-07-31 13:33:30,2,2,0
132164,2025-07-31 13:28:30,2,2,0
132164,2025-07-31 13:23:29,2,2,0
132164,2025-07-31 13:18:30,2,2,0
132164,2025-07-31 13:13:30,2,2,0
132164,2025-07-31 13:08:29,2,2,0
132164,2025-07-31 13:03:29,2,2,0
132164,2025-07-31 12:58:29,2,2,0
132164,2025-07-31 12:53:29,2,2,0
132164,2025-07-31 12:48:29,2,2,0
132164,2025-07-31 12:43:29,2,2,0
132164,2025-07-31 12:38:29,2,2,0
132164,2025-07-31 12:33:29,2,2,0
132164,2025-07-31 12:28:29,2,2,0
132164,2025-07-31 12:23:31,2,2,0
132164,2025-07-31 12:18:29,2,2,0
132164,2025-07-31 12:13:30,2,2,0
132164,2025-07-31 12:08:29,2,2,0
132164,2025-07-31 12:03:29,2,2,0
132164,2025-07-31 11:58:29,2,2,0
132164,2025-07-31 11:53:29,2,2,0
132164,2025-07-31 11:48:29,2,2,0
132164,2025-07-31 11:43:29,2,2,0
132164,2025-07-31 11:38:29,2,2,0
132164,2025-07-31 11:33:29,2,2,0
132164,2025-07-31 11:28:29,2,2,0
132164,2025-07-31 11:23:29,2,2,0
132164,2025-07-31 11:18:29,2,2,0
132164,2025-07-31 11:13:29,2,2,0
132164,2025-07-31 11:08:30,2,2,0
132164,2025-07-31 11:03:29,2,2,0
132164,2025-07-31 10:58:29,2,2,0
132164,2025-07-31 10:53:29,2,2,0
132164,2025-07-31 10:48:29,2,2,0
132164,2025-07-31 10:43:29,2,2,0
132164,2025-07-31 10:38:29,2,2,0
132164,2025-07-31 10:33:29,2,2,0
132164,2025-07-31 10:28:29,2,2,0
132164,2025-07-31 10:23:29,2,2,0
132164,2025-07-31 10:18:29,2,2,0
132164,2025-07-31 10:13:29,2,2,0
132164,2025-07-31 10:08:29,2,2,0
132164,2025-07-31 10:03:29,2,2,0
132164,2025-07-31 09:58:29,2,2,0
132164,2025-07-31 09:53:29,2,2,0
132164,2025-07-31 09:48:29,2,2,0
132164,2025-07-31 09:43:29,2,2,0
132164,2025-07-31 09:38:29,2,2,0
132164,2025-07-31 09:33:29,2,2,0
132164,2025-07-31 09:28:29,2,2,0
132164,2025-07-31 09:23:29,2,2,0
132164,2025-07-31 09:18:29,2,2,0
132164,2025-07-31 09:13:29,2,2,0
132164,2025-07-31 09:08:29,2,2,0
132164,2025-07-31 09:03:29,2,2,0
132164,2025-07-31 08:58:29,2,2,0
132164,2025-07-31 08:53:29,2,2,0
132164,2025-07-31 08:48:29,2,2,0
132164,2025-07-31 08:43:29,2,2,0
132164,2025-07-31 08:38:29,2,2,0
132164,2025-07-31 08:33:29,2,2,0
132164,2025-07-31 08:28:29,2,2,0
132164,2025-07-31 08:23:29,2,2,0
132164,2025-07-31 08:18:29,2,2,0
132164,2025-07-31 08:13:29,2,2,0
132164,2025-07-31 08:08:29,2,2,0
132164,2025-07-31 08:03:29,2,2,0
132164,2025-07-31 07:58:30,2,2,0
132164,2025-07-31 07:53:29,2,2,0
132164,2025-07-31 07:48:29,2,2,0
132164,2025-07-31 07:43:29,2,2,0
132164,2025-07-31 07:38:29,2,2,0
132164,2025-07-31 07:33:29,2,2,0
132164,2025-07-31 07:28:29,2,2,0
132164,2025-07-31 07:23:29,2,2,0
132164,2025-07-31 07:18:29,2,2,0
132164,2025-07-31 07:13:29,2,2,0
132164,2025-07-31 07:08:29,2,2,0
132164,2025-07-31 07:03:29,2,2,0
132164,2025-07-31 06:58:29,2,2,0
132164,2025-07-31 06:53:29,2,2,0
132164,2025-07-31 06:48:29,2,2,0
132164,2025-07-31 06:43:29,2,2,0
132164,2025-07-31 06:38:29,2,2,0
132164,2025-07-31 06:33:29,2,2,0
132164,2025-07-31 06:28:29,2,2,0
132164,2025-07-31 06:23:29,2,2,0
132164,2025-07-31 06:18:29,2,2,0
132164,2025-07-31 06:13:29,2,2,0
132164,2025-07-31 06:08:29,2,2,0
132164,2025-07-31 06:03:29,2,2,0
132164,2025-07-31 05:58:29,2,2,0
132164,2025-07-31 05:53:29,2,2,0
132164,2025-07-31 05:48:29,2,2,0
132164,2025-07-31 05:43:29,2,2,0
132164,2025-07-31 05:38:29,2,2,0
132164,2025-07-31 05:33:29,2,2,0
132164,2025-07-31 05:28:29,2,2,0
132164,2025-07-31 05:23:29,2,2,0
132164,2025-07-31 05:18:29,2,2,0
132164,2025-07-31 05:13:29,2,2,0
132164,2025-07-31 05:08:29,2,2,0
132164,2025-07-31 05:03:29,2,2,0
132164,2025-07-31 04:58:29,2,2,0
132164,2025-07-31 04:53:29,2,2,0
132164,2025-07-31 04:48:29,2,2,0
132164,2025-07-31 04:43:29,2,2,0
132164,2025-07-31 04:38:29,2,2,0
132164,2025-07-31 04:33:29,2,2,0
132164,2025-07-31 04:28:30,2,2,0
132164,2025-07-31 04:23:30,2,2,0
132164,2025-07-31 04:18:29,2,2,0
132164,2025-07-31 04:13:29,2,2,0
132164,2025-07-31 04:08:29,2,2,0
132164,2025-07-31 04:03:29,2,2,0
132164,2025-07-31 03:58:29,2,2,0
132164,2025-07-31 03:53:29,2,2,0
132164,2025-07-31 03:48:29,2,2,0
132164,2025-07-31 03:43:29,2,2,0
132164,2025-07-31 03:38:29,2,2,0
132164,2025-07-31 03:33:29,2,2,0
132164,2025-07-31 03:28:29,2,2,0
132164,2025-07-31 03:23:30,2,2,0
132164,2025-07-31 03:18:29,2,2,0
132164,2025-07-31 03:13:29,2,2,0
132164,2025-07-31 03:08:30,2,2,0
132164,2025-07-31 03:03:29,2,2,0
132164,2025-07-31 02:58:29,2,2,0
132164,2025-07-31 02:53:29,2,2,0
132164,2025-07-31 02:48:29,2,2,0
132164,2025-07-31 02:43:29,2,2,0
132164,2025-07-31 02:38:29,2,2,0
132164,2025-07-31 02:33:29,2,2,0
132164,2025-07-31 02:28:29,2,2,0
132164,2025-07-31 02:23:29,2,2,0
132164,2025-07-31 02:18:29,2,2,0
132164,2025-07-31 02:13:30,2,2,0
132164,2025-07-31 02:08:29,2,2,0
132164,2025-07-31 02:03:29,2,2,0
132164,2025-07-31 01:58:29,2,2,0
132164,2025-07-31 01:53:29,2,2,0
132164,2025-07-31 01:48:29,2,2,0
132164,2025-07-31 01:43:29,2,2,0
132164,2025-07-31 01:38:29,2,2,0
132164,2025-07-31 01:33:29,2,2,0
132164,2025-07-31 01:28:29,2,2,0
132164,2025-07-31 01:23:29,2,2,0
132164,2025-07-31 01:18:29,2,2,0
132164,2025-07-31 01:13:29,2,2,0
132164,2025-07-31 01:08:29,2,2,0
132164,2025-07-31 01:03:30,2,2,0
132164,2025-07-31 00:58:29,2,2,0
132164,2025-07-31 00:53:29,2,2,0
132164,2025-07-31 00:48:30,2,2,0
132164,2025-07-31 00:43:32,2,2,0
132164,2025-07-31 00:38:29,2,2,0
132164,2025-07-31 00:33:29,2,2,0
132164,2025-07-31 00:28:30,2,2,0
132164,2025-07-31 00:23:30,2,2,0
132164,2025-07-31 00:18:29,2,2,0
132164,2025-07-31 00:13:30,2,2,0
132164,2025-07-31 00:08:30,2,2,0
132164,2025-07-31 00:03:29,2,2,0
132164,2025-07-30 23:58:29,2,2,0
132164,2025-07-30 23:53:29,2,2,0
132164,2025-07-30 23:48:29,2,2,0
132164,2025-07-30 23:43:29,2,2,0
132164,2025-07-30 23:38:34,2,2,0
132164,2025-07-30 23:33:30,2,2,0
132164,2025-07-30 23:28:30,2,2,0
132164,2025-07-30 23:23:29,2,2,0
132164,2025-07-30 23:18:29,2,2,0
132164,2025-07-30 23:13:29,2,2,0
132164,2025-07-30 23:08:29,2,2,0
132164,2025-07-30 23:03:30,2,2,0
132164,2025-07-30 22:58:29,2,2,0
132164,2025-07-30 22:53:30,2,2,0
132164,2025-07-30 22:48:33,2,2,0
132164,2025-07-30 22:43:29,2,2,0
132164,2025-07-30 22:38:29,2,2,0
132164,2025-07-30 22:33:29,2,2,0
132164,2025-07-30 22:28:31,2,2,0
132164,2025-07-30 22:23:29,2,2,0
132164,2025-07-30 22:18:29,2,2,0
132164,2025-07-30 22:13:30,2,2,0
132164,2025-07-30 22:08:30,2,2,0
132164,2025-07-30 22:03:30,2,2,0
132164,2025-07-30 21:58:29,2,2,0
132164,2025-07-30 21:53:30,2,2,0
132164,2025-07-30 21:48:29,2,2,0
132164,2025-07-30 21:43:30,2,2,0
132164,2025-07-30 21:38:29,2,2,0
132164,2025-07-30 21:33:30,2,2,0
132164,2025-07-30 21:28:30,2,2,0
132164,2025-07-30 21:23:29,2,2,0
132164,2025-07-30 21:18:29,2,2,0
132164,2025-07-30 21:13:30,2,2,0
132164,2025-07-30 21:08:30,2,2,0
132164,2025-07-30 21:03:31,2,2,0
132164,2025-07-30 20:58:30,2,2,0
132164,2025-07-30 20:53:30,2,2,0
132164,2025-07-30 20:48:30,2,2,0
132164,2025-07-30 20:43:29,2,2,0
132164,2025-07-30 20:38:30,2,2,0
132164,2025-07-30 20:33:29,2,2,0
132164,2025-07-30 20:28:30,2,2,0
132164,2025-07-30 20:23:29,2,2,0
132164,2025-07-30 20:18:30,2,2,0
132164,2025-07-30 20:13:29,2,2,0
132164,2025-07-30 20:08:35,2,2,0
132164,2025-07-30 20:03:29,2,2,0
132164,2025-07-30 19:58:29,2,2,0
132164,2025-07-30 19:53:29,2,2,0
132164,2025-07-30 19:48:29,2,2,0
132164,2025-07-30 19:43:29,2,2,0
132164,2025-07-30 19:38:29,2,2,0
132164,2025-07-30 19:33:29,2,2,0
132164,2025-07-30 19:28:29,2,2,0
132164,2025-07-30 19:23:31,2,2,0
132164,2025-07-30 19:18:30,2,2,0
132164,2025-07-30 19:13:34,2,2,0
132164,2025-07-30 19:08:29,2,2,0
132164,2025-07-30 19:03:29,2,2,0
132164,2025-07-30 18:58:29,2,2,0
132164,2025-07-30 18:53:29,2,2,0
132164,2025-07-30 18:48:30,2,2,0
132164,2025-07-30 18:43:29,2,2,0
132164,2025-07-30 18:38:30,2,2,0
132164,2025-07-30 18:33:29,2,2,0
132164,2025-07-30 18:28:30,2,2,0
132164,2025-07-30 18:23:29,2,2,0
132164,2025-07-30 18:18:30,2,2,0
132164,2025-07-30 18:13:29,2,2,0
132164,2025-07-30 18:08:30,2,2,0
132164,2025-07-30 18:03:30,2,2,0
132164,2025-07-30 17:58:30,2,2,0
132164,2025-07-30 17:53:30,2,2,0
132164,2025-07-30 17:48:29,2,2,0
132164,2025-07-30 17:43:30,2,2,0
132164,2025-07-30 17:38:30,2,2,0
132164,2025-07-30 17:33:41,2,2,0
132164,2025-07-30 17:28:30,2,2,0
132164,2025-07-30 17:23:30,2,2,0
132164,2025-07-30 17:18:29,2,2,0
132164,2025-07-30 17:13:30,2,2,0
132164,2025-07-30 17:08:29,2,2,0
132164,2025-07-30 17:03:29,2,2,0
132164,2025-07-30 16:58:29,2,2,0
132164,2025-07-30 16:53:30,2,2,0
132164,2025-07-30 16:48:29,2,2,0
132164,2025-07-30 16:43:30,2,2,0
132164,2025-07-30 16:38:29,2,2,0
132164,2025-07-30 16:33:29,2,2,0
132164,2025-07-30 16:28:29,2,2,0
132164,2025-07-30 16:23:29,2,2,0
132164,2025-07-30 16:18:29,2,2,0
132164,2025-07-30 16:13:29,2,2,0
132164,2025-07-30 16:08:30,2,2,0
132164,2025-07-30 16:03:29,2,2,0
132164,2025-07-30 15:58:30,2,2,0
132164,2025-07-30 15:53:30,2,2,0
132164,2025-07-30 15:48:29,2,2,0
132164,2025-07-30 15:43:29,2,2,0
132164,2025-07-30 15:38:29,2,2,0
132164,2025-07-30 15:33:29,2,2,0
132164,2025-07-30 15:28:29,2,2,0
132164,2025-07-30 15:23:29,2,2,0
132164,2025-07-30 15:18:30,2,2,0
132164,2025-07-30 15:13:29,2,2,0
132164,2025-07-30 15:08:29,2,2,0
132164,2025-07-30 15:03:30,2,2,0
132164,2025-07-30 14:58:29,2,2,0
132164,2025-07-30 14:53:36,2,2,0
132164,2025-07-30 14:48:29,2,2,0
132164,2025-07-30 14:43:29,2,2,0
132164,2025-07-30 14:38:29,2,2,0
132164,2025-07-30 14:33:29,2,2,0
132164,2025-07-30 14:28:29,2,2,0
132164,2025-07-30 14:23:29,2,2,0
132164,2025-07-30 14:18:29,2,2,0
132164,2025-07-30 14:13:30,2,2,0
132164,2025-07-30 14:08:29,2,2,0
132164,2025-07-30 14:03:29,2,2,0
132164,2025-07-30 13:58:29,2,2,0
132164,2025-07-30 13:53:30,2,2,0
132164,2025-07-30 13:48:30,2,2,0
132164,2025-07-30 13:43:29,2,2,0
132164,2025-07-30 13:38:29,2,2,0
132164,2025-07-30 13:33:29,2,2,0
132164,2025-07-30 13:28:29,2,2,0
132164,2025-07-30 13:23:30,2,2,0
132164,2025-07-30 13:18:29,2,2,0
132164,2025-07-30 13:13:29,2,2,0
132164,2025-07-30 13:08:29,2,2,0
132164,2025-07-30 13:03:30,2,2,0
132164,2025-07-30 12:58:30,2,2,0
132164,2025-07-30 12:53:29,2,2,0
132164,2025-07-30 12:48:29,2,2,0
132164,2025-07-30 12:43:29,2,2,0
132164,2025-07-30 12:38:29,2,2,0
132164,2025-07-30 12:33:29,2,2,0
132164,2025-07-30 12:28:29,2,2,0
132164,2025-07-30 12:23:29,2,2,0
132164,2025-07-30 12:18:29,2,2,0
132164,2025-07-30 12:13:29,2,2,0
132164,2025-07-30 12:08:29,2,2,0
132164,2025-07-30 12:03:29,2,2,0
132164,2025-07-30 11:58:29,2,2,0
132164,2025-07-30 11:53:30,2,2,0
132164,2025-07-30 11:48:30,2,2,0
132164,2025-07-30 11:43:29,2,2,0
132164,2025-07-30 11:38:37,2,2,0
132164,2025-07-30 11:33:29,2,2,0
132164,2025-07-30 11:28:29,2,2,0
132164,2025-07-30 11:23:29,2,2,0
132164,2025-07-30 11:18:29,2,2,0
132164,2025-07-30 11:13:29,2,2,0
132164,2025-07-30 11:08:29,2,2,0
132164,2025-07-30 11:03:29,2,2,0
132164,2025-07-30 10:58:29,2,2,0
132164,2025-07-30 10:53:29,2,2,0
132164,2025-07-30 10:48:29,2,2,0
132164,2025-07-30 10:43:29,2,2,0
132164,2025-07-30 10:38:30,2,2,0
132164,2025-07-30 10:33:29,2,2,0
132164,2025-07-30 10:28:29,2,2,0
132164,2025-07-30 10:23:29,2,2,0
132164,2025-07-30 10:18:29,2,2,0
132164,2025-07-30 10:13:29,2,2,0
132164,2025-07-30 10:08:29,2,2,0
132164,2025-07-30 10:03:29,2,2,0
132164,2025-07-30 09:58:29,2,2,0
132164,2025-07-30 09:53:29,2,2,0
132164,2025-07-30 09:48:29,2,2,0
132164,2025-07-30 09:43:29,2,2,0
132164,2025-07-30 09:38:29,2,2,0
132164,2025-07-30 09:33:29,2,2,0
132164,2025-07-30 09:28:29,2,2,0
132164,2025-07-30 09:23:29,2,2,0
132164,2025-07-30 09:18:29,2,2,0
132164,2025-07-30 09:13:29,2,2,0
132164,2025-07-30 09:08:29,2,2,0
132164,2025-07-30 09:03:29,2,2,0
132164,2025-07-30 08:58:29,2,2,0
132164,2025-07-30 08:53:29,2,2,0
132164,2025-07-30 08:48:29,2,2,0
132164,2025-07-30 08:43:29,2,2,0
132164,2025-07-30 08:38:30,2,2,0
132164,2025-07-30 08:33:29,2,2,0
132164,2025-07-30 08:28:30,2,2,0
132164,2025-07-30 08:23:30,2,2,0
132164,2025-07-30 08:18:31,2,2,0
132164,2025-07-30 08:13:30,2,2,0
132164,2025-07-30 08:08:34,2,2,0
132164,2025-07-30 08:03:30,2,2,0
132164,2025-07-30 07:58:30,2,2,0
132164,2025-07-30 07:53:30,2,2,0
132164,2025-07-30 07:48:30,2,2,0
132164,2025-07-30 07:43:30,2,2,0
132164,2025-07-30 07:38:30,2,2,0
132164,2025-07-30 07:33:30,2,2,0
132164,2025-07-30 07:28:30,2,2,0
132164,2025-07-30 07:23:30,2,2,0
132164,2025-07-30 07:18:30,2,2,0
132164,2025-07-30 07:13:30,2,2,0
132164,2025-07-30 07:08:30,2,2,0
132164,2025-07-30 07:03:30,2,2,0
132164,2025-07-30 06:58:30,2,2,0
132164,2025-07-30 06:53:30,2,2,0
132164,2025-07-30 06:48:30,2,2,0
132164,2025-07-30 06:43:29,2,2,0
132164,2025-07-30 06:38:30,2,2,0
132164,2025-07-30 06:33:30,2,2,0
132164,2025-07-30 06:28:30,2,2,0
132164,2025-07-30 06:23:30,2,2,0
132164,2025-07-30 06:18:30,2,2,0
132164,2025-07-30 06:13:29,2,2,0
132164,2025-07-30 06:08:30,2,2,0
132164,2025-07-30 06:03:30,2,2,0
132164,2025-07-30 05:58:29,2,2,0
132164,2025-07-30 05:53:29,2,2,0
132164,2025-07-30 05:48:29,2,2,0
132164,2025-07-30 05:43:29,2,2,0
132164,2025-07-30 05:38:30,2,2,0
132164,2025-07-30 05:33:29,2,2,0
132164,2025-07-30 05:28:30,2,2,0
132164,2025-07-30 05:23:29,2,2,0
132164,2025-07-30 05:18:29,2,2,0
132164,2025-07-30 05:13:29,2,2,0
132164,2025-07-30 05:08:30,2,2,0
132164,2025-07-30 05:03:29,2,2,0
132164,2025-07-30 04:58:29,2,2,0
132164,2025-07-30 04:53:29,2,2,0
132164,2025-07-30 04:48:30,2,2,0
132164,2025-07-30 04:43:29,2,2,0
132164,2025-07-30 04:38:29,2,2,0
132164,2025-07-30 04:33:29,2,2,0
132164,2025-07-30 04:28:29,2,2,0
132164,2025-07-30 04:23:30,2,2,0
132164,2025-07-30 04:18:29,2,2,0
132164,2025-07-30 04:13:29,2,2,0
132164,2025-07-30 04:08:30,2,2,0
132164,2025-07-30 04:03:29,2,2,0
132164,2025-07-30 03:58:30,2,2,0
132164,2025-07-30 03:53:29,2,2,0
132164,2025-07-30 03:48:29,2,2,0
132164,2025-07-30 03:43:29,2,2,0
132164,2025-07-30 03:38:30,2,2,0
132164,2025-07-30 03:33:29,2,2,0
132164,2025-07-30 03:28:29,2,2,0
132164,2025-07-30 03:23:29,2,2,0
132164,2025-07-30 03:18:29,2,2,0
132164,2025-07-30 03:13:29,2,2,0
132164,2025-07-30 03:08:30,2,2,0
132164,2025-07-30 03:03:30,2,2,0
132164,2025-07-30 02:58:30,2,2,0
132164,2025-07-30 02:53:29,2,2,0
132164,2025-07-30 02:48:29,2,2,0
132164,2025-07-30 02:43:29,2,2,0
132164,2025-07-30 02:38:30,2,2,0
132164,2025-07-30 02:33:29,2,2,0
132164,2025-07-30 02:28:29,2,2,0
132164,2025-07-30 02:23:29,2,2,0
132164,2025-07-30 02:18:29,2,2,0
132164,2025-07-30 02:13:29,2,2,0
132164,2025-07-30 02:08:29,2,2,0
132164,2025-07-30 02:03:29,2,2,0
132164,2025-07-30 01:58:29,2,2,0
132164,2025-07-30 01:53:29,2,2,0
132164,2025-07-30 01:48:30,2,2,0
132164,2025-07-30 01:43:29,2,2,0
132164,2025-07-30 01:38:30,2,2,0
132164,2025-07-30 01:33:29,2,2,0
132164,2025-07-30 01:28:30,2,2,0
132164,2025-07-30 01:23:30,2,2,0
132164,2025-07-30 01:18:29,2,2,0
132164,2025-07-30 01:13:29,2,2,0
132164,2025-07-30 01:08:29,2,2,0
132164,2025-07-30 01:03:30,2,2,0
132164,2025-07-30 00:58:30,2,2,0
132164,2025-07-30 00:53:29,2,2,0
132164,2025-07-30 00:48:29,2,2,0
132164,2025-07-30 00:43:29,2,2,0
132164,2025-07-30 00:38:29,2,2,0
132164,2025-07-30 00:33:29,2,2,0
132164,2025-07-30 00:28:30,2,2,0
132164,2025-07-30 00:23:29,2,2,0
132164,2025-07-30 00:18:30,2,2,0
132164,2025-07-30 00:13:29,2,2,0
132164,2025-07-30 00:08:29,2,2,0
132164,2025-07-30 00:03:29,2,2,0
132164,2025-07-29 23:58:29,2,2,0
132164,2025-07-29 23:53:29,2,2,0
132164,2025-07-29 23:48:30,2,2,0
132164,2025-07-29 23:43:29,2,2,0
132164,2025-07-29 23:38:30,2,2,0
132164,2025-07-29 23:33:30,2,2,0
132164,2025-07-29 23:28:29,2,2,0
132164,2025-07-29 23:23:29,2,2,0
132164,2025-07-29 23:18:30,2,2,0
132164,2025-07-29 23:13:29,2,2,0
132164,2025-07-29 23:09:54,2,2,0
132164,2025-07-29 23:03:48,2,2,0
132164,2025-07-29 22:58:29,2,2,0
132164,2025-07-29 22:53:31,2,2,0
132164,2025-07-29 22:48:29,2,2,0
132164,2025-07-29 22:43:29,2,2,0
132164,2025-07-29 22:38:29,2,2,0
132164,2025-07-29 22:33:29,2,2,0
132164,2025-07-29 22:28:29,2,2,0
132164,2025-07-29 22:23:29,2,2,0
132164,2025-07-29 22:18:29,2,2,0
132164,2025-07-29 22:13:29,2,2,0
132164,2025-07-29 22:08:30,2,2,0
132164,2025-07-29 22:03:29,2,2,0
132164,2025-07-29 21:58:29,2,2,0
132164,2025-07-29 21:53:29,2,2,0
132164,2025-07-29 21:48:30,2,2,0
132164,2025-07-29 21:43:30,2,2,0
132164,2025-07-29 21:38:29,2,2,0
132164,2025-07-29 21:33:29,2,2,0
132164,2025-07-29 21:28:30,2,2,0
132164,2025-07-29 21:23:30,2,2,0
132164,2025-07-29 21:18:29,2,2,0
132164,2025-07-29 21:13:30,2,2,0
132164,2025-07-29 21:08:29,2,2,0
132164,2025-07-29 21:03:30,2,2,0
132164,2025-07-29 20:58:30,2,2,0
132164,2025-07-29 20:53:29,2,2,0
132164,2025-07-29 20:48:29,2,2,0
132164,2025-07-29 20:43:29,2,2,0
132164,2025-07-29 20:38:30,2,2,0
132164,2025-07-29 20:33:29,2,2,0
132164,2025-07-29 20:28:30,2,2,0
132164,2025-07-29 20:23:29,2,2,0
132164,2025-07-29 20:18:29,2,2,0
132164,2025-07-29 20:13:29,2,2,0
132164,2025-07-29 20:08:29,2,2,0
132164,2025-07-29 20:03:29,2,2,0
132164,2025-07-29 19:58:30,2,2,0
132164,2025-07-29 19:53:29,2,2,0
132164,2025-07-29 19:48:29,2,2,0
132164,2025-07-29 19:43:29,2,2,0
132164,2025-07-29 19:38:29,2,2,0
132164,2025-07-29 19:33:30,2,2,0
132164,2025-07-29 19:28:29,2,2,0
132164,2025-07-29 19:23:30,2,2,0
132164,2025-07-29 19:18:30,2,2,0
132164,2025-07-29 19:13:29,2,2,0
132164,2025-07-29 19:08:29,2,2,0
132164,2025-07-29 19:03:30,2,2,0
132164,2025-07-29 18:58:30,2,2,0
132164,2025-07-29 18:53:30,2,2,0
132164,2025-07-29 18:48:29,2,2,0
132164,2025-07-29 18:43:29,2,2,0
132164,2025-07-29 18:38:29,2,2,0
132164,2025-07-29 18:33:30,2,2,0
132164,2025-07-29 18:28:29,2,2,0
132164,2025-07-29 18:23:30,2,2,0
132164,2025-07-29 18:18:29,2,2,0
132164,2025-07-29 18:13:29,2,2,0
132164,2025-07-29 18:08:30,2,2,0
132164,2025-07-29 18:03:29,2,2,0
132164,2025-07-29 17:58:29,2,2,0
132164,2025-07-29 17:53:29,2,2,0
132164,2025-07-29 17:48:29,2,2,0
132164,2025-07-29 17:43:30,2,2,0
132164,2025-07-29 17:38:29,2,2,0
132164,2025-07-29 17:33:29,2,2,0
132164,2025-07-29 17:28:29,2,2,0
132164,2025-07-29 17:23:30,2,2,0
132164,2025-07-29 17:18:29,2,2,0
132164,2025-07-29 17:13:29,2,2,0
132164,2025-07-29 17:08:29,2,2,0
132164,2025-07-29 17:03:30,2,2,0
132164,2025-07-29 16:58:30,2,2,0
132164,2025-07-29 16:53:29,2,2,0
132164,2025-07-29 16:48:30,2,2,0
132164,2025-07-29 16:43:30,2,2,0
132164,2025-07-29 16:38:29,2,2,0
132164,2025-07-29 16:33:30,2,2,0
132164,2025-07-29 16:28:30,2,2,0
132164,2025-07-29 16:23:29,2,2,0
132164,2025-07-29 16:18:29,2,2,0
132164,2025-07-29 16:13:29,2,2,0
132164,2025-07-29 16:08:29,2,2,0
132164,2025-07-29 16:03:30,2,2,0
132164,2025-07-29 15:58:30,2,2,0
132164,2025-07-29 15:53:29,2,2,0
132164,2025-07-29 15:48:29,2,2,0
132164,2025-07-29 15:43:30,2,2,0
132164,2025-07-29 15:38:29,2,2,0
132164,2025-07-29 15:33:30,2,2,0
132164,2025-07-29 15:28:29,2,2,0
132164,2025-07-29 15:23:29,2,2,0
132164,2025-07-29 15:18:30,2,2,0
132164,2025-07-29 15:13:29,2,2,0
132164,2025-07-29 15:08:30,2,2,0
132164,2025-07-29 15:03:30,2,2,0
132164,2025-07-29 14:58:30,2,2,0
132164,2025-07-29 14:53:29,2,2,0
132164,2025-07-29 14:48:30,2,2,0
132164,2025-07-29 14:43:29,2,2,0
132164,2025-07-29 14:38:30,2,2,0
132164,2025-07-29 14:33:30,2,2,0
132164,2025-07-29 14:28:30,2,2,0
132164,2025-07-29 14:23:29,2,2,0
132164,2025-07-29 14:18:31,2,2,0
132164,2025-07-29 14:13:31,2,2,0
132164,2025-07-29 14:08:30,2,2,0
132164,2025-07-29 14:03:31,2,2,0
132164,2025-07-29 13:58:30,2,2,0
132164,2025-07-29 13:53:30,2,2,0
132164,2025-07-29 13:48:30,2,2,0
132164,2025-07-29 13:43:30,2,2,0
132164,2025-07-29 13:38:29,2,2,0
132164,2025-07-29 13:33:29,2,2,0
132164,2025-07-29 13:28:29,2,2,0
132164,2025-07-29 13:23:29,2,2,0
132164,2025-07-29 13:18:29,2,2,0
132164,2025-07-29 13:13:29,2,2,0
132164,2025-07-29 13:08:29,2,2,0
132164,2025-07-29 13:03:29,2,2,0
132164,2025-07-29 12:58:29,2,2,0
132164,2025-07-29 12:53:29,2,2,0
132164,2025-07-29 12:48:29,2,2,0
132164,2025-07-29 12:43:29,2,2,0
132164,2025-07-29 12:38:29,2,2,0
132164,2025-07-29 12:33:29,2,2,0
132164,2025-07-29 12:28:29,2,2,0
132164,2025-07-29 12:23:30,2,2,0
132164,2025-07-29 12:18:30,2,2,0
132164,2025-07-29 12:13:29,2,2,0
132164,2025-07-29 12:08:29,2,2,0
132164,2025-07-29 12:03:30,2,2,0
132164,2025-07-29 11:58:29,2,2,0
132164,2025-07-29 11:53:30,2,2,0
132164,2025-07-29 11:48:29,2,2,0
132164,2025-07-29 11:43:29,2,2,0
132164,2025-07-21 23:18:29,2,2,0
132164,2025-07-21 19:18:29,2,2,0
132164,2025-07-21 14:53:29,1,2,0
132164,2025-07-21 09:23:29,2,2,0
132164,2025-07-21 09:18:29,2,2,0
