"id";"link_points";"__points";"__distances"
339;"40.8859405,-73.89649 40.8868104,-73.895261 40.8873505,-73.894291 40.888051,-73.89264 40.888431,-73.89134 40.88893,-73.889351 40.88931,-73.888321 40.889751,-73.88749 40.8901904,-73.88682 40.8907305,-73.886181 40.89128,-73.88554 40.89218,-73.88467 40.89656,";"[[40.8859405, -73.89649], [40.8868104, -73.895261], [40.8873505, -73.894291], [40.888051, -73.89264], [40.888431, -73.89134], [40.88893, -73.889351], [40.88931, -73.888321], [40.889751, -73.88749], [40.8901904, -73.88682], [40.8907305, -73.886181], [40.89128, -73.88554], [40.89218, -73.88467]]";"[141.52883505539208, 101.27091470273228, 159.15132645275904, 117.16509416206263, 176.16462165263567, 96.3430029981979, 85.34769332532515, 74.55975930604768, 80.57259822118135, 81.46547028242912, 123.94798523488102]"
377;"40.61486,-74.15738 40.60931,-74.15012 40.60846,-74.14847 40.6079,-74.146831 40.60764,-74.14555 40.6074906,-74.14404 40.60757,-74.1409";"[[40.61486, -74.15738], [40.60931, -74.15012], [40.60846, -74.14847], [40.6079, -74.146831], [40.60764, -74.14555], [40.6074906, -74.14404], [40.60757, -74.1409]]";"[869.7197129909791, 168.32667077124214, 151.72571242926222, 111.93648564896733, 128.54846925082978, 265.2182764210753]"
378;"40.6210105,-74.168861 40.6207604,-74.168 40.6182105,-74.162381 40.6154,-74.15806 40.6149404,-74.15748";"[[40.6210105, -74.168861], [40.6207604, -74.168], [40.6182105, -74.162381], [40.6154, -74.15806], [40.6149404, -74.15748]]";"[77.80858586242799, 552.5513214354222, 480.29542620400105, 70.77068819071981]"
435;"40.62102,-74.168861 40.6212304,-74.16992 40.6212304,-74.170961 40.6206306,-74.173561 40.6197105,-74.175091 40.6188605,-74.17597 40.61693,-74.1773 40.60685,-74.183361 40.60437,-74.18531 40.6020904,-74.187711";"[[40.62102, -74.168861], [40.6212304, -74.16992], [40.6212304, -74.170961], [40.6206306, -74.173561], [40.6197105, -74.175091], [40.6188605, -74.17597], [40.61693, -74.1773], [40.60685, -74.183361], [40.60437, -74.18531], [40.6020904, -74.187711]]";"[92.39123247115513, 87.86071041560399, 229.35315896141924, 164.75177993559316, 120.15562656460094, 242.24274952940786, 1232.0917152115808, 321.11853116521246, 324.56010408626355]"
384;"40.60213,-74.187981 40.60504,-74.185 40.60687,-74.183601 40.6098,-74.181981 40.6157705,-74.17837 40.61719,-74.177821 40.61921,-74.177141 40.620791,-74.175571 40.62154,-74.174191 40.6218804,-74.17309 40.6220405,-74.17158 40.62189,-74.17091 40.6211906,-74.1";"[[40.60213, -74.187981], [40.60504, -74.185], [40.60687, -74.183601], [40.6098, -74.181981], [40.6157705, -74.17837], [40.61719, -74.177821], [40.61921, -74.177141], [40.620791, -74.175571], [40.62154, -74.174191], [40.6218804, -74.17309], [40.6220405, -74.17158], [40.62189, -74.17091], [40.6211906, -74.1]]";"[409.92299947955615, 235.27678498903325, 353.3387545522749, 730.518264573442, 164.50274238827183, 231.83076005109268, 220.14652405867076, 143.1860336627579, 100.33723430330232, 128.68043766621997, 58.97188562528265, 5985.302486758214]"
390;"40.6152105,-74.157401 40.61231,-74.15362 40.60952,-74.149961 40.60882,-74.14878 40.6083206,-74.147561 40.6078705,-74.14574 40.60772,-74.14416 40.6077805,-74.14091";"[[40.6152105, -74.157401], [40.61231, -74.15362], [40.60952, -74.149961], [40.60882, -74.14878], [40.6083206, -74.147561], [40.6078705, -74.14574], [40.60772, -74.14416], [40.6077805, -74.14091]]";"[453.7383540136353, 437.77244381226205, 126.481442279956, 116.93068865875729, 161.6653830691708, 134.4250327406439, 274.43878186847445]"
351;"40.63092,-74.14592 40.62975,-74.14593 40.62877,-74.14579 40.6279506,-74.145671 40.62713,-74.145681 40.62637,-74.14586 40.6254205,-74.14618 40.6247506,-74.146381 40.6241006,-74.146661 40.6234004,-74.14704 40.6226006,-74.147501 40.6217506,-74.148181 40.6208";"[[40.63092, -74.14592], [40.62975, -74.14593], [40.62877, -74.14579], [40.6279506, -74.145671], [40.62713, -74.145681], [40.62637, -74.14586], [40.6254205, -74.14618], [40.6247506, -74.146381], [40.6241006, -74.146661], [40.6234004, -74.14704], [40.6226006, -74.147501], [40.6217506, -74.148181]]";"[130.10080110725306, 109.60962659917462, 91.6649019107746, 91.25045936850454, 85.84771350988855, 108.97882202911867, 76.39661324066952, 76.04172302017528, 84.17310626320386, 97.07212506323522, 110.57570679198435]"
388;"40.6151706,-74.15738 40.61739,-74.16056 40.6205405,-74.16683 40.6209604,-74.16791 40.6210504,-74.168191 40.6211906,-74.16874";"[[40.6151706, -74.15738], [40.61739, -74.16056], [40.6205405, -74.16683], [40.6209604, -74.16791], [40.6210504, -74.168191], [40.6211906, -74.16874]]";"[364.62143463826555, 634.6532470584241, 102.41528850591344, 25.741529042176026, 48.888070821467906]"
382;"40.63089,-74.14569 40.6298,-74.14569 40.62883,-74.14556 40.62805,-74.145451 40.6272105,-74.14546 40.62642,-74.1456 40.6255106,-74.14595 40.6247904,-74.14614 40.6241404,-74.146441 40.6234004,-74.146791 40.6226205,-74.14725 40.6217004,-74.147961 40.61916,-7";"[[40.63089, -74.14569], [40.6298, -74.14569], [40.62883, -74.14556], [40.62805, -74.145451], [40.6272105, -74.14546], [40.62642, -74.1456], [40.6255106, -74.14595], [40.6247904, -74.14614], [40.6241404, -74.146441], [40.6234004, -74.146791], [40.6226205, -74.14725], [40.6217004, -74.147961]]";"[121.20247004223894, 108.41557721406035, 87.2184740404179, 93.35123083628497, 88.69009714773114, 105.34649119221768, 81.67218337660103, 76.61101282094977, 87.4256741243847, 94.98002823228924, 118.61012531888746]"
129;"40.8240706,-73.874311 40.8247,-73.86959 40.8251906,-73.86596 40.82536,-73.86426 40.82587,-73.85961 40.8266006,-73.85424 40.8271806,-73.84994";"[[40.8240706, -73.874311], [40.8247, -73.86959], [40.8251906, -73.86596], [40.82536, -73.86426], [40.82587, -73.85961], [40.8266006, -73.85424], [40.8271806, -73.84994]]";"[403.3574758885734, 310.27017766092604, 144.27622264761493, 395.34646669022715, 459.08093368482736, 367.5047366512561]"
126;"40.8271606,-73.84993 40.82771,-73.84671 40.8284105,-73.843471 40.82869,-73.84133 40.8287905,-73.8386 40.82891,-73.837 40.8292,-73.835541 40.82968,-73.834031 40.8305,-73.83239 40.83211,-73.82983 40.83305,-73.82826 40.83366,-73.82693 40.8343006,-73.82571";"[[40.8271606, -73.84993], [40.82771, -73.84671], [40.8284105, -73.843471], [40.82869, -73.84133], [40.8287905, -73.8386], [40.82891, -73.837], [40.8292, -73.835541], [40.82968, -73.834031], [40.8305, -73.83239], [40.83211, -73.82983], [40.83305, -73.82826], [40.83366, -73.82693], [40.8343006, -73.82571]]";"[277.7303852585795, 283.43726185554476, 182.80035271705017, 229.96720409386154, 135.27406536015133, 126.92084389852575, 137.8024538201355, 165.4576566476566, 280.07091267983327, 168.44116877329404, 130.84833504110392, 124.93530726521925]"
295;"40.84064,-73.83831 40.83881,-73.83853 40.8346304,-73.83839 40.83261,-73.83804 40.83066,-73.837521 40.8280704,-73.83668 40.82495,-73.836211";"[[40.84064, -73.83831], [40.83881, -73.83853], [40.8346304, -73.83839], [40.83261, -73.83804], [40.83066, -73.837521], [40.8280704, -73.83668], [40.82495, -73.836211]]";"[204.32660071561148, 464.89953019864083, 226.57975580759998, 221.18311365748545, 296.5168811320504, 349.2094729652781]"
338;"40.81376,-73.93128 40.8127206,-73.9316 40.8121104,-73.93169 40.81148,-73.93161 40.81091,-73.931261 40.81044,-73.93079 40.8082604,-73.927901 40.80772,-73.9269 40.80653,-73.923971 40.80503,-73.92024 40.8037906,-73.917471 40.8036,-73.916931 40.803411,-73.915";"[[40.81376, -73.93128], [40.8127206, -73.9316], [40.8121104, -73.93169], [40.81148, -73.93161], [40.81091, -73.931261], [40.81044, -73.93079], [40.8082604, -73.927901], [40.80772, -73.9269], [40.80653, -73.923971], [40.80503, -73.92024], [40.8037906, -73.917471], [40.8036, -73.916931], [40.803411, -73.915]]";"[118.67204771910151, 68.272592907761, 70.41987278063857, 69.85603766722791, 65.59400058790007, 343.30426728769146, 103.4819257415981, 279.7871008868014, 355.5727149903204, 270.7600950944997, 50.14985624481105, 163.88450447908806]"
427;"40.7279205,-73.83298 40.7268904,-73.83239 40.72639,-73.832001 40.7257505,-73.83126 40.724951,-73.830031 40.724301,-73.829141 40.7236905,-73.82848 40.7229,-73.827801 40.7209605,-73.826541 40.7204005,-73.82634 40.71958,-73.82621 40.718861,-73.82634 40.71746";"[[40.7279205, -73.83298], [40.7268904, -73.83239], [40.72639, -73.832001], [40.7257505, -73.83126], [40.724951, -73.830031], [40.724301, -73.829141], [40.7236905, -73.82848], [40.7229, -73.827801], [40.7209605, -73.826541], [40.7204005, -73.82634], [40.71958, -73.82621], [40.718861, -73.82634]]";"[124.8664068744666, 64.57975106648654, 94.63382134172382, 136.48886577662222, 104.15806487422938, 87.81283626742547, 104.88318792539927, 240.3858550977213, 64.53203765392597, 91.89088412741648, 80.69633998450949]"
137;"40.8242005,-73.874361 40.8249804,-73.868411 40.8254,-73.865281 40.82591,-73.860311 40.8266906,-73.854581 40.8273104,-73.84998";"[[40.8242005, -73.874361], [40.8249804, -73.868411], [40.8254, -73.865281], [40.82591, -73.860311], [40.8266906, -73.854581], [40.8273104, -73.84998]]";"[508.10502031969025, 267.46559801721105, 422.01073356136476, 489.8769515772921, 393.2138355324143]"
142;"40.83037,-73.85062 40.82996,-73.849251 40.8294605,-73.847771 40.8290406,-73.84645 40.8288104,-73.84523 40.8288104,-73.844191 40.82898,-73.842891 40.8298604,-73.838141 40.83005,-73.836841 40.83006,-73.83578 40.8300205,-73.834511 40.8300906,-73.833971 40.83";"[[40.83037, -73.85062], [40.82996, -73.849251], [40.8294605, -73.847771], [40.8290406, -73.84645], [40.8288104, -73.84523], [40.8288104, -73.844191], [40.82898, -73.842891], [40.8298604, -73.838141], [40.83005, -73.836841], [40.83006, -73.83578], [40.8300205, -73.834511], [40.8300906, -73.833971]]";"[123.87613204846173, 136.34722938537772, 120.55374072323396, 105.79095043962498, 87.4188255489269, 110.99242892411229, 411.4646728699345, 111.39013422385423, 89.27509931673544, 106.85876619728376, 46.097181639172035]"
426;"40.7024204,-73.816481 40.700841,-73.815751 40.69726,-73.81382 40.6959105,-73.812981 40.68863,-73.808861 40.6775105,-73.803261 40.67445,-73.80181";"[[40.7024204, -73.816481], [40.700841, -73.815751], [40.69726, -73.81382], [40.6959105, -73.812981], [40.68863, -73.808861], [40.6775105, -73.803261], [40.67445, -73.80181]]";"[186.0907164193028, 430.1791470943656, 165.89235035580202, 880.929697540629, 1323.5333459883898, 361.6425770645426]"
425;"40.67445,-73.80181 40.67374,-73.80154 40.6726106,-73.801301 40.6708206,-73.80123 40.66752,-73.801481 40.66479,-73.802321 40.66407,-73.802511 40.6633405,-73.80229 40.6627104,-73.80149 40.66255,-73.800541 40.6627104,-73.799771 40.6631406,-73.799051 40.66481";"[[40.67445, -73.80181], [40.67374, -73.80154], [40.6726106, -73.801301], [40.6708206, -73.80123], [40.66752, -73.801481], [40.66479, -73.802321], [40.66407, -73.802511], [40.6633405, -73.80229], [40.6627104, -73.80149], [40.66255, -73.800541], [40.6627104, -73.799771], [40.6631406, -73.799051]]";"[82.16644131351849, 127.19076799797502, 199.12896820756168, 367.61999318171024, 311.7202198845243, 81.64852510157485, 83.23094876145662, 97.27399587711521, 82.00919716982534, 67.35239555635061, 77.3075271730344]"
369;"40.65632,-74.11972 40.655041,-74.12241 40.6544106,-74.124361 40.6541206,-74.125881 40.654011,-74.127141 40.65429,-74.13302 40.6542505,-74.133981 40.65404,-74.134611 40.6535805,-74.135461 40.6533,-74.135771 40.64786,-74.13964 40.64705,-74.140071 40.6444705";"[[40.65632, -74.11972], [40.655041, -74.12241], [40.6544106, -74.124361], [40.6541206, -74.125881], [40.654011, -74.127141], [40.65429, -74.13302], [40.6542505, -74.133981], [40.65404, -74.134611], [40.6535805, -74.135461], [40.6533, -74.135771], [40.64786, -74.13964], [40.64705, -74.140071]]";"[267.80325754099744, 178.88820497406957, 132.21756977411934, 106.98845299897646, 496.91410669725633, 81.18744977991888, 58.072030810167576, 88.04684525805175, 40.702906854117174, 687.3443536370575, 97.13103346906432]"
422;"40.7278806,-73.832761 40.7270705,-73.83231 40.7265105,-73.831911 40.72603,-73.8314 40.724771,-73.829501 40.72428,-73.82886 40.72379,-73.828341 40.72326,-73.827851 40.7224605,-73.82729 40.721951,-73.82696 40.7215205,-73.826681 40.7209605,-73.826371 40.7204";"[[40.7278806, -73.832761], [40.7270705, -73.83231], [40.7265105, -73.831911], [40.72603, -73.8314], [40.724771, -73.829501], [40.72428, -73.82886], [40.72379, -73.828341], [40.72326, -73.827851], [40.7224605, -73.82729], [40.721951, -73.82696], [40.7215205, -73.826681], [40.7209605, -73.826371]]";"[97.76771671119695, 70.7666371166194, 68.62139495821256, 212.6187705598768, 76.8024738057993, 69.86796434971014, 71.95989261255562, 100.68929572741065, 63.11139537562938, 53.33202900850646, 67.52745731292956]"
165;"40.81477,-73.83629 40.81611,-73.83627 40.8178404,-73.83601 40.8202405,-73.83589 40.823961,-73.83607 40.82513,-73.83624";"[[40.81477, -73.83629], [40.81611, -73.83627], [40.8178404, -73.83601], [40.8202405, -73.83589], [40.823961, -73.83607], [40.82513, -73.83624]]";"[149.01070732057516, 193.65170166893452, 267.0699154065819, 413.9778969865072, 130.7715521696725]"
177;"40.8464305,-73.93213 40.8458904,-73.930331 40.84516,-73.92739 40.84478,-73.925401 40.8447106,-73.92412 40.84478,-73.92246 40.844891,-73.92045 40.8451105,-73.91534 40.8451305,-73.91194 40.8451105,-73.910811 40.84503,-73.909371";"[[40.8464305, -73.93213], [40.8458904, -73.930331], [40.84516, -73.92739], [40.84478, -73.925401], [40.8447106, -73.92412], [40.84478, -73.92246], [40.844891, -73.92045], [40.8451105, -73.91534], [40.8451305, -73.91194], [40.8451105, -73.910811], [40.84503, -73.909371]]";"[162.8054887345839, 260.37654869061754, 172.561825138182, 108.03016186290694, 139.8476982023798, 169.52533928196465, 430.52984808760766, 286.0056509300886, 94.99386426530262, 121.45852435721638]"
172;"40.82495,-73.836211 40.82367,-73.83602 40.8202605,-73.835941 40.81888,-73.835951 40.81555,-73.83628 40.81275,-73.83627 40.8124306,-73.83621140.81201,-73.836031 40.81139,-73.83571 40.79715,-73.82657";"[[40.82495, -73.836211], [40.82367, -73.83602], [40.8202605, -73.835941], [40.81888, -73.835951], [40.81555, -73.83628], [40.81275, -73.83627], [40.81139, -73.83571], [40.79715, -73.82657]]";"[143.2339920581758, 379.1773775756355, 153.5069026897992, 371.31271776180256, 311.34693196267807, 158.39874245549558, 1760.4060337101039]"
106;"40.77158,-73.994441 40.7713004,-73.99455 40.77085,-73.99467 40.76997,-73.99481 40.7701604,-73.99477 40.76986,-73.994831 40.7695406,-73.99496 40.769341,-73.99508 40.768311,-73.9958 40.768311,-73.9958 40.76623,-73.99733 40.76623,-73.99733 40.76547,-73.9979";"[[40.77158, -73.994441], [40.7713004, -73.99455], [40.77085, -73.99467], [40.76997, -73.99481], [40.7701604, -73.99477], [40.76986, -73.994831], [40.7695406, -73.99496], [40.769341, -73.99508], [40.768311, -73.9958], [40.768311, -73.9958], [40.76623, -73.99733], [40.76623, -73.99733], [40.76547, -73.9979]]";"[32.41676826306653, 51.091515586499106, 98.55921045188185, 21.437808955510633, 33.79564402829554, 37.139945944226035, 24.38683852841282, 129.59069734452834, 0.0, 264.8521385431621, 0.0, 97.1905198217016]"
3;"40.76375,-73.999191 40.763521,-73.99935 40.7620804,-74.00136 40.75985,-74.00306 40.75775,-74.00457 40.75775,-74.00457 40.75576,-74.00601 40.7544904,-74.006921 40.7538404,-74.007241 40.75415,-74.00712 40.7502804,-74.00848 40.74833,-74.007771 40.74114,-74.0";"[[40.76375, -73.999191], [40.763521, -73.99935], [40.7620804, -74.00136], [40.75985, -74.00306], [40.75775, -74.00457], [40.75775, -74.00457], [40.75576, -74.00601], [40.7544904, -74.006921], [40.7538404, -74.007241], [40.75415, -74.00712], [40.7502804, -74.00848], [40.74833, -74.007771], [40.74114, -74.0]]";"[28.770048145958445, 233.06064120281042, 286.37220361344265, 265.89805819298147, 0.0, 252.33916762556373, 160.6797971949978, 77.13918963501317, 35.90299582161007, 445.2690783402934, 224.94811106313836, 1033.3281680973653]"
217;"40.71141,-73.97866 40.712,-73.97793 40.712661,-73.977511 40.71379,-73.976931 40.7150904,-73.976251 40.7164,-73.9756 40.7172404,-73.975231 40.7182305,-73.97497 40.7200604,-73.97471 40.72158,-73.97453 40.7223506,-73.974331 40.72328,-73.973801 40.72504,-73.9";"[[40.71141, -73.97866], [40.712, -73.97793], [40.712661, -73.977511], [40.71379, -73.976931], [40.7150904, -73.976251], [40.7164, -73.9756], [40.7172404, -73.975231], [40.7182305, -73.97497], [40.7200604, -73.97471], [40.72158, -73.97453], [40.7223506, -73.974331], [40.72328, -73.973801]]";"[89.94329672966198, 81.5439053257145, 134.72108887319877, 155.54169152798966, 155.61427525240947, 98.48717231692778, 112.27003838646097, 204.65201860660144, 169.65135680610277, 87.31249971966494, 112.58320188233166]"
1;"40.74047,-74.009251 40.74137,-74.00893 40.7431706,-74.008591 40.7462304,-74.00797 40.74812,-74.007651 40.748701,-74.007691 40.74971,-74.00819 40.75048,-74.008321 40.751611,-74.00789 40.7537504,-74.00704 40.75721,-74.00463 40.76003,-74.002631 40.7607405,-7";"[[40.74047, -74.009251], [40.74137, -74.00893], [40.7431706, -74.008591], [40.7462304, -74.00797], [40.74812, -74.007651], [40.748701, -74.007691], [40.74971, -74.00819], [40.75048, -74.008321], [40.751611, -74.00789], [40.7537504, -74.00704], [40.75721, -74.00463], [40.76003, -74.002631]]";"[103.66515604366883, 202.24426575972637, 344.2328514365258, 211.82543748358174, 64.69206649283268, 119.81155362208115, 86.32828873021779, 130.89710529424025, 248.43159156154468, 434.9637777916912, 355.91286950838844]"
150;"40.7016405,-73.991121 40.70158,-73.99033 40.7014405,-73.98932 40.70123,-73.98797 40.7011505,-73.987461 40.70094,-73.986521 40.70073,-73.985921 40.70055,-73.985581 40.70029,-73.985211 40.76,-73.984951 40.69975,-73.984681 40.6995605,-73.984551 40.69944,-73.";"[[40.7016405, -73.991121], [40.70158, -73.99033], [40.7014405, -73.98932], [40.70123, -73.98797], [40.7011505, -73.987461], [40.70094, -73.986521], [40.70073, -73.985921], [40.70055, -73.985581], [40.70029, -73.985211], [40.69975, -73.984681], [40.6995605, -73.984551]]";"[67.01873064337644, 86.54324538890462, 116.18578713052173, 43.80943393841011, 82.62606317789638, 55.70978731356247, 34.958713401343616, 42.52892726371851, 23.7509667234353]"
145;"40.7081105,-73.99944 40.7084705,-73.99884 40.70868,-73.998331 40.70886,-73.997751 40.709,-73.99702 40.7091405,-73.99594";"[[40.7081105, -73.99944], [40.7084705, -73.99884], [40.70868, -73.998331], [40.70886, -73.997751], [40.709, -73.99702], [40.7091405, -73.99594]]";"[64.49927406587105, 48.819928675857284, 52.82647696682183, 63.551677775358336, 92.36321334379889]"
170;"40.6665206,-73.76246 40.66738,-73.77021 40.66751,-73.77209 40.66752,-73.772861 40.66749,-73.775591 40.66722,-73.78108 40.66673,-73.786471";"[[40.6665206, -73.76246], [40.66738, -73.77021], [40.66751, -73.77209], [40.66752, -73.772861], [40.66749, -73.775591], [40.66722, -73.78108], [40.66673, -73.786471]]";"[660.6027301386858, 159.220276219958, 65.03702589869026, 230.27728270211946, 463.9256586957366, 457.9431309799782]"
171;"40.66673,-73.78649 40.66642,-73.78958 40.66642,-73.78958 40.66642,-73.790421 40.6665006,-73.79161 40.666771,-73.793241 40.666771,-73.793241 40.6667404,-73.796111 40.6667404,-73.796111 40.6667205,-73.799361 40.6668105,-73.799681 40.6669706,-73.79989 40.666";"[[40.66673, -73.78649], [40.66642, -73.78958], [40.66642, -73.78958], [40.66642, -73.790421], [40.6665006, -73.79161], [40.666771, -73.793241], [40.666771, -73.793241], [40.6667404, -73.796111], [40.6667404, -73.796111], [40.6667205, -73.799361], [40.6668105, -73.799681], [40.6669706, -73.79989]]";"[262.8895050324249, 0.0, 70.93260951381451, 100.68365492537754, 140.81081208302055, 0.0, 242.08760438428556, 0.0, 274.1229713223978, 28.785300613995783, 25.053031935318295]"
315;"40.73744001,-73.85188001  40.737015,-73.85373001  40.73673,-73.85543001  40.736526,-73.85631001  40.735335,-73.86033  40.73384,-73.86514001  40.732064,-73.87065001  40.731755,-73.87178  40.730294,-73.87656001  40.72977,-73.87796";"[[40.73744001, -73.85188001], [40.737015, -73.85373001], [40.73673, -73.85543001], [40.736526, -73.85631001], [40.735335, -73.86033], [40.73384, -73.86514001], [40.732064, -73.87065001], [40.731755, -73.87178], [40.730294, -73.87656001], [40.72977, -73.87796]]";"[162.87596997266866, 146.69575672341435, 77.53616304584793, 363.6752265888768, 438.04523870034444, 504.5225691816673, 101.22315852400406, 434.2993094566487, 131.57177837364742]"
311;"40.72966,-73.87775 40.730165,-73.87643 40.7304,-73.87567 40.73241,-73.86913001 40.734285,-73.86321001 40.735045,-73.86054 40.73563,-73.85867 40.736584,-73.85531 40.736944,-73.85327001 40.737285,-73.85184001";"[[40.72966, -73.87775], [40.730165, -73.87643], [40.7304, -73.87567], [40.73241, -73.86913001], [40.734285, -73.86321001], [40.735045, -73.86054], [40.73563, -73.85867], [40.736584, -73.85531], [40.736944, -73.85327001], [40.737285, -73.85184001]]";"[124.59790657779901, 69.1654733312367, 594.664973426122, 540.6291439483886, 240.31554217143145, 170.45850005280812, 302.3189023130959, 176.47756524611705, 126.30850709566664]"
325;"40.75829,-73.997531 40.7605,-74.0032 40.7620605,-74.007021 40.7662905,-74.01706";"[[40.75829, -73.997531], [40.7605, -74.0032], [40.7620605, -74.007021], [40.7662905, -74.01706]]";"[537.0011080411289, 365.6157762381574, 967.5059493117957]"
324;"40.7578106,-73.996801 40.7604506,-74.003221 40.762021,-74.00705 40.76621,-74.01712";"[[40.7578106, -73.996801], [40.7604506, -74.003221], [40.762021, -74.00705], [40.76621, -74.01712]]";"[615.2746944651208, 366.7320575095227, 967.5860332274657]"
349;"40.6309004,-74.14569 40.63259,-74.145531 40.6343505,-74.145131 40.6352905,-74.144911 40.6395205,-74.143161 40.64452,-74.141111 40.64672,-74.140171 40.6474905,-74.13978 40.65243,-74.136261 40.6532706,-74.13549 40.65375,-74.13476 40.654011,-74.134041 40.654";"[[40.6309004, -74.14569], [40.63259, -74.145531], [40.6343505, -74.145131], [40.6352905, -74.144911], [40.6395205, -74.143161], [40.64452, -74.141111], [40.64672, -74.140171], [40.6474905, -74.13978], [40.65243, -74.136261], [40.6532706, -74.13549], [40.65375, -74.13476], [40.654011, -74.134041]]";"[188.3534612035975, 198.64738656745536, 106.15902502751676, 492.9891190366795, 582.2056946087755, 257.163211569774, 91.80694072953102, 624.346471564109, 113.8734558991536, 81.44947026479987, 67.23982704844016]"
329;"40.75766,-73.99687 40.7604,-74.00328 40.76197,-74.0071 40.76615,-74.01717";"[[40.75766, -73.99687], [40.7604, -74.00328], [40.76197, -74.0071], [40.76615, -74.01717]]";"[619.9239251135731, 366.04467266186606, 967.1052893192784]"
124;"40.68036,-74.00441001 40.6822,-74.0057201 40.6837,-74.006440 40.68563,-74.00757 40.6941205,-74.01288001 40.7002801,-74.01529001 40.70121,-74.0156 40.703434,-74.0156101 40.70499,-74.01519 40.70609,-74.01468";"[[40.68036, -74.00441001], [40.6822, -74.0057201], [40.6837, -74.00644], [40.68563, -74.00757], [40.6941205, -74.01288001], [40.7002801, -74.01529001], [40.70121, -74.0156], [40.703434, -74.0156101], [40.70499, -74.01519], [40.70609, -74.01468]]";"[232.5183701384635, 177.49543172284373, 234.80721591303072, 1044.8760968030458, 714.415599429114, 106.65120310603447, 247.2989824856422, 176.6061268132951, 129.6492888468393]"
119;"40.70631,-74.01501 40.705380,-74.01528 40.70496,-74.01546 40.70374,-74.01574001 40.70304,-74.01582 40.70126,-74.01574 40.70026,-74.01541 40.69408,-74.01304 40.68556,-74.00779 40.68363,-74.00668 40.68213,-74.00602 40.681160,-74.005320 40.6798,-74.00416";"[[40.70631, -74.01501], [40.70538, -74.01528], [40.70496, -74.01546], [40.70374, -74.01574001], [40.70304, -74.01582], [40.70126, -74.01574], [40.70026, -74.01541], [40.69408, -74.01304], [40.68556, -74.00779], [40.68363, -74.00668], [40.68213, -74.00602], [40.68116, -74.00532], [40.6798, -74.00416]]";"[105.8861365110127, 49.104815441927805, 137.695920550977, 78.12796569206785, 198.0418253131989, 114.62200275986584, 715.6418301740723, 1045.6892679436526, 234.12800875922204, 175.8321084158216, 122.95420737161248, 180.10353968720534]"
213;"40.80069,-73.92878 40.8013005,-73.930181 40.8014104,-73.93057 40.80143,-73.93084 40.80133,-73.93106 40.8011404,-73.931261 40.80084,-73.931271 40.8006704,-73.93115 40.8005206,-73.930951 40.8001805,-73.930151 40.8705,-73.929931 40.7998905,-73.92972 40.79972";"[[40.80069, -73.92878], [40.8013005, -73.930181], [40.8014104, -73.93057], [40.80143, -73.93084], [40.80133, -73.93106], [40.8011404, -73.931261], [40.80084, -73.931271], [40.8006704, -73.93115], [40.8005206, -73.930951], [40.8001805, -73.930151], [40.7998905, -73.92972]]";"[136.06929026608628, 34.949130358375086, 22.830757986237025, 21.59989886931182, 27.031747062076537, 33.4135597084542, 21.43319921852436, 23.622746472594343, 77.23131706217677]"
394;"40.7723304,-73.91979 40.77384,-73.92192 40.77445,-73.922581 40.7754706,-73.923431 40.7784005,-73.92561 40.7810604,-73.927591 40.7836405,-73.929571 40.7843,-73.92986 40.7851,-73.929921 40.7858105,-73.929781 40.78627,-73.92955 40.78674,-73.92923 40.7879605,";"[[40.7723304, -73.91979], [40.77384, -73.92192], [40.77445, -73.922581], [40.7754706, -73.923431], [40.7784005, -73.92561], [40.7810604, -73.927591], [40.7836405, -73.929571], [40.7843, -73.92986], [40.7851, -73.929921], [40.7858105, -73.929781], [40.78627, -73.92955], [40.78674, -73.92923]]";"[245.65857072208027, 87.74321881257863, 134.17128364221563, 373.9032429313812, 339.55921457934176, 331.81323677823343, 77.26442232433102, 89.10407350823921, 79.87842834878066, 54.67028125236085, 58.7971298647125]"
417;"40.60414,-74.052411 40.60479,-74.050351 40.6075304,-74.041891 40.6081,-74.040011 40.6083804,-74.03924";"[[40.60414, -74.052411], [40.60479, -74.050351], [40.6075304, -74.041891], [40.6081, -74.040011], [40.6083804, -74.03924]]";"[188.32949635767943, 776.4775089522142, 170.87604439761702, 72.1680516002878]"
411;"40.6040405,-74.052321 40.6047,-74.050301 40.60743,-74.041851 40.608031,-74.03998 40.6082705,-74.039211";"[[40.6040405, -74.052321], [40.6047, -74.050301], [40.60743, -74.041851], [40.608031, -74.03998], [40.6082705, -74.039211]]";"[185.6307428052915, 775.2484937090196, 171.50097087894193, 70.16677778501591]"
264;"40.6083804,-74.039301 40.6107105,-74.03202 40.6110506,-74.03144 40.611501,-74.03094 40.61272,-74.02992 40.6134404,-74.02892 40.6142306,-74.02803 40.6163106,-74.02624";"[[40.6083804, -74.039301], [40.6107105, -74.03202], [40.6110506, -74.03144], [40.611501, -74.03094], [40.61272, -74.02992], [40.6134404, -74.02892], [40.6142306, -74.02803], [40.6163106, -74.02624]]";"[667.0049189116578, 61.86447387938147, 65.49511131358592, 160.5805241940431, 116.36980536525789, 115.6035343617067, 276.26282768090664]"
263;"40.60846,-74.03933 40.6107805,-74.03207 40.6111,-74.03154 40.6115804,-74.031051 40.6127904,-74.030031 40.6137105,-74.02903 40.614411,-74.028201 40.6163504,-74.02639";"[[40.60846, -74.03933], [40.6107805, -74.03207], [40.6111, -74.03154], [40.6115804, -74.031051], [40.6127904, -74.030031], [40.6137105, -74.02903], [40.614411, -74.028201], [40.6163504, -74.02639]]";"[664.9561897218862, 57.129103519941395, 67.50813790855057, 159.73663297063587, 132.69061088428685, 104.70779039390095, 264.3339444396249]"
395;"40.7723,-73.91983 40.7738304,-73.92197 40.77443,-73.92261 40.77546,-73.92346 40.7783806,-73.925631 40.78103,-73.927631 40.78363,-73.929611 40.784271,-73.92989 40.7851,-73.929971 40.7858105,-73.929841 40.78629,-73.929601 40.786801,-73.92923 40.78799,-73.92";"[[40.7723, -73.91983], [40.7738304, -73.92197], [40.77443, -73.92261], [40.77546, -73.92346], [40.7783806, -73.925631], [40.78103, -73.927631], [40.78363, -73.929611], [40.784271, -73.92989], [40.7851, -73.929971], [40.7858105, -73.929841], [40.78629, -73.929601], [40.786801, -73.92923], [40.78799, -73.92]]";"[247.85632769227718, 85.72983956932275, 135.05652792522216, 372.6716705355621, 339.3338325637492, 333.72833832322544, 75.04699516403923, 92.43251490147843, 79.75854010441225, 57.0183160863509, 64.83979936022568, 788.2405086137761]"
347;"40.77223,-73.919941 40.77367,-73.92198 40.7744206,-73.92278 40.77714,-73.924911 40.781071,-73.92788 40.78311,-73.929421 40.7837106,-73.929871 40.7842205,-73.93008 40.78477,-73.93017 40.78549,-73.93011 40.78604,-73.92991 40.78665,-73.92953 40.78972,-73.926";"[[40.77223, -73.919941], [40.77367, -73.92198], [40.7744206, -73.92278], [40.77714, -73.924911], [40.781071, -73.92788], [40.78311, -73.929421], [40.7837106, -73.929871], [40.7842205, -73.93008], [40.78477, -73.93017], [40.78549, -73.93011], [40.78604, -73.92991], [40.78665, -73.92953], [40.78972, -73.926]]";"[234.77601465076927, 107.25750555609177, 351.6170840277407, 503.54582392679, 261.2263501906444, 76.78243327473994, 59.366129822910004, 61.56967159151359, 80.21955851970284, 63.43292836973614, 74.99528933856865, 452.60644666163495]"
141;"40.772251,-73.919891 40.77391,-73.9222 40.77474,-73.92301 40.77647,-73.92431 40.7783606,-73.925761 40.7810205,-73.92776 40.78372,-73.92982 40.7842205,-73.93002 40.78477,-73.93011 40.78549,-73.930051 40.7860304,-73.92985 40.7866206,-73.929511 40.7883206,-7";"[[40.772251, -73.919891], [40.77391, -73.9222], [40.77474, -73.92301], [40.77647, -73.92431], [40.7783606, -73.925761], [40.7810205, -73.92776], [40.78372, -73.92982], [40.7842205, -73.93002], [40.78477, -73.93011], [40.78549, -73.930051], [40.7860304, -73.92985], [40.7866206, -73.929511]]";"[268.021728968836, 114.7606724746241, 221.33243174895364, 243.1503172378774, 340.3063216132438, 346.67772991904116, 58.14473844201403, 61.56967159151359, 80.21430075072143, 62.42716728900265, 71.56477112439697]"
140;"40.79789,-73.91988 40.79771,-73.92004 40.79758,-73.92022 40.7974704,-73.92059 40.797501,-73.92109 40.79766,-73.92165 40.79811,-73.922631 40.79834,-73.922991 40.79872,-73.92381 40.799091,-73.924681 40.7993305,-73.92524 40.7999805,-73.926881 40.80096,-73.92";"[[40.79789, -73.91988], [40.79771, -73.92004], [40.79758, -73.92022], [40.7974704, -73.92059], [40.797501, -73.92109], [40.79766, -73.92165], [40.79811, -73.922631], [40.79834, -73.922991], [40.79872, -73.92381], [40.799091, -73.924681], [40.7993305, -73.92524], [40.7999805, -73.926881], [40.80096, -73.92]]";"[24.124644634279484, 20.941244174001977, 33.44498537779267, 42.225911626180164, 50.34563442499827, 96.55459232284304, 39.65313860494233, 80.85873985842179, 84.1260077770657, 54.067393239980106, 155.8970567303568, 589.3488217414738]"
398;"40.77223,-73.919941 40.77367,-73.92198 40.7744206,-73.92278 40.77714,-73.924911 40.781071,-73.92788 40.78311,-73.929421 40.7837106,-73.929871 40.7842205,-73.93008 40.78477,-73.93017 40.78549,-73.93011 40.78604,-73.92991 40.78665,-73.92953 40.78972,-73.926";"[[40.77223, -73.919941], [40.77367, -73.92198], [40.7744206, -73.92278], [40.77714, -73.924911], [40.781071, -73.92788], [40.78311, -73.929421], [40.7837106, -73.929871], [40.7842205, -73.93008], [40.78477, -73.93017], [40.78549, -73.93011], [40.78604, -73.92991], [40.78665, -73.92953], [40.78972, -73.926]]";"[234.77601465076927, 107.25750555609177, 351.6170840277407, 503.54582392679, 261.2263501906444, 76.78243327473994, 59.366129822910004, 61.56967159151359, 80.21955851970284, 63.43292836973614, 74.99528933856865, 452.60644666163495]"
202;"40.789536,-73.78631 40.7894,-73.78765 40.788976,-73.78955 40.78896,-73.79011001 40.789124,-73.79086001 40.78927,-73.79118001 40.789536,-73.79157001 40.78996,-73.79196 40.790714,-73.79246 40.790714,-73.79246 40.7911,-73.79267 40.791976,-73.793 40.792916,-7";"[[40.789536, -73.78631], [40.7894, -73.78765], [40.788976, -73.78955], [40.78896, -73.79011001], [40.789124, -73.79086001], [40.78927, -73.79118001], [40.789536, -73.79157001], [40.78996, -73.79196], [40.790714, -73.79246], [40.790714, -73.79246], [40.7911, -73.79267], [40.791976, -73.793]]";"[113.82015331443989, 166.7601315993336, 47.17967739349139, 65.72158945001331, 31.453534722027506, 44.19119779647834, 57.45217787342796, 93.81439506807253, 0.0, 46.41959425632174, 101.29095727641541]"
445;"40.7262006,-74.01112 40.7252805,-74.01128 40.7218105,-74.011981 40.7195505,-74.012471 40.71654,-74.013231 40.714451,-74.01376 40.71251,-74.01429 40.7108405,-74.014721 40.7086904,-74.01542 40.7079305,-74.01572 40.7072,-74.01598";"[[40.7262006, -74.01112], [40.7252805, -74.01128], [40.7218105, -74.011981], [40.7195505, -74.012471], [40.71654, -74.013231], [40.714451, -74.01376], [40.71251, -74.01429], [40.7108405, -74.014721], [40.7086904, -74.01542], [40.7079305, -74.01572], [40.7072, -74.01598]]";"[103.19504400671782, 390.3423696929341, 254.6707584785641, 340.8249875561805, 236.526265274521, 220.40360083852124, 189.16091352384072, 246.23286675776183, 88.19967232872466, 84.13244461434869]"
168;"40.814761,-73.83668 40.81354,-73.83659 40.8130504,-73.8365 40.8124505,-73.83638 40.8118404,-73.836121 40.8111,-73.83562 40.8049306,-73.831821 40.79925,-73.828251";"[[40.814761, -73.83668], [40.81354, -73.83659], [40.8130504, -73.8365], [40.8124505, -73.83638], [40.8118404, -73.836121], [40.8111, -73.83562], [40.8049306, -73.831821], [40.79925, -73.828251]]";"[135.98010517571203, 54.965389625261125, 67.46597086305205, 71.25574790452609, 92.4976347119141, 756.8598803805404, 699.4869134654473]"
164;"40.79932,-73.82809 40.8006,-73.82895 40.8047004,-73.83146 40.8114405,-73.83571 40.8120204,-73.836031 40.8124904,-73.836211 40.8128505,-73.836261 40.8148205,-73.83629";"[[40.79932, -73.82809], [40.8006, -73.82895], [40.8047004, -73.83146], [40.8114405, -73.83571], [40.8120204, -73.836031], [40.8124904, -73.836211], [40.8128505, -73.836261], [40.8148205, -73.83629]]";"[159.68079348572138, 502.512630103442, 830.4481513823347, 69.9123376309451, 54.41281316223669, 40.2617877043252, 219.06760039727044]"
298;"40.8251205,-73.83637 40.82442,-73.83629 40.82285,-73.836221 40.8214506,-73.836211 40.8189206,-73.83636 40.81526,-73.83669 40.81479,-73.83668";"[[40.8251205, -73.83637], [40.82442, -73.83629], [40.82285, -73.836221], [40.8214506, -73.836211], [40.8189206, -73.83636], [40.81526, -73.83669], [40.81479, -73.83668]]";"[78.18236816125452, 174.67255323948189, 155.60845547572777, 281.60242737390365, 407.98636052058276, 52.26839066490426]"
451;"40.7712605,-73.833311 40.7727804,-73.83087 40.77333,-73.83015 40.7742104,-73.829271 40.77584,-73.82814 40.77868,-73.82651 40.78087,-73.82537 40.7818904,-73.824941 40.78298,-73.824621 40.7870604,-73.82379 40.7881605,-73.82321 40.78889,-73.822701 40.78929,-";"[[40.7712605, -73.833311], [40.7727804, -73.83087], [40.77333, -73.83015], [40.7742104, -73.829271], [40.77584, -73.82814], [40.77868, -73.82651], [40.78087, -73.82537], [40.7818904, -73.824941], [40.78298, -73.824621], [40.7870604, -73.82379], [40.7881605, -73.82321], [40.78889, -73.822701]]";"[266.1122805759353, 86.08570464516978, 122.72864796521526, 204.70620806016834, 344.3302595399082, 261.7519729591371, 119.07405991873449, 124.11758145975962, 459.0824030266864, 131.7114647858231, 91.73990819260764]"
402;"40.797815,-73.79321 40.80218,-73.79324001 40.807614,-73.79345 40.809816,-73.79345 40.811155,-73.79365 40.81224,-73.79403 40.813344,-73.79468 40.81418,-73.79534001 40.814734,-73.79586 40.81535,-73.79655001 40.816125,-73.79772001 40.81662,-73.79872 40.81722";"[[40.797815, -73.79321], [40.80218, -73.79324001], [40.807614, -73.79345], [40.809816, -73.79345], [40.811155, -73.79365], [40.81224, -73.79403], [40.813344, -73.79468], [40.81418, -73.79534001], [40.814734, -73.79586], [40.81535, -73.79655001], [40.816125, -73.79772001], [40.81662, -73.79872]]";"[485.3724281406545, 604.4916725581834, 244.8512284711356, 149.83843009349238, 124.81317379871179, 134.3956513833667, 108.28906974101629, 75.56290245059317, 89.79741213962089, 130.8462197362508, 100.55442482404746]"
406;"40.81763,-73.80362001 40.817516,-73.80261 40.817226,-73.80083 40.81692,-73.79984 40.81633,-73.79839001 40.815835,-73.79751 40.815185,-73.79659001 40.81439,-73.79573 40.81353,-73.79503001 40.81242,-73.79433 40.81186,-73.79407 40.81112,-73.79382001 40.81,-7";"[[40.81763, -73.80362001], [40.817516, -73.80261], [40.817226, -73.80083], [40.81692, -73.79984], [40.81633, -73.79839001], [40.815835, -73.79751], [40.815185, -73.79659001], [40.81439, -73.79573], [40.81353, -73.79503001], [40.81242, -73.79433], [40.81186, -73.79407], [40.81112, -73.79382001]]";"[85.93416223084876, 153.22218676183937, 89.99132972595366, 138.5392236314388, 92.2705781861733, 105.9148531447892, 114.24798549824841, 112.31591491523618, 136.76472356759027, 66.00179383568062, 84.93136853961599]"
365;"40.741534,-73.95406001  40.7415,-73.95491001  40.742526,-73.95976  40.743125,-73.96152001  40.745436,-73.96631001  40.746234,-73.96946001  40.745835,-73.97259001  40.74598,-73.97347  40.746704,-73.97515";"[[40.741534, -73.95406001], [40.7415, -73.95491001], [40.742526, -73.95976], [40.743125, -73.96152001], [40.745436, -73.96631001], [40.746234, -73.96946001], [40.745835, -73.97259001], [40.74598, -73.97347], [40.746704, -73.97515]]";"[71.71063695078479, 424.2277604612985, 162.54751225802548, 478.4059229604697, 279.8068888475962, 267.3852730764978, 75.86570044432172, 162.82152988989657]"
364;"40.745726,-73.97359 40.745616,-73.97305 40.745616,-73.97264001 40.746054,-73.96949001 40.74586,-73.96844 40.745365,-73.96643 40.74304,-73.96157001 40.74244,-73.95983001 40.742185,-73.95887 40.74143,-73.95491001 40.74136,-73.95378001";"[[40.745726, -73.97359], [40.745616, -73.97305], [40.745616, -73.97264001], [40.746054, -73.96949001], [40.74586, -73.96844], [40.745365, -73.96643], [40.74304, -73.96157001], [40.74244, -73.95983001], [40.742185, -73.95887], [40.74143, -73.95491001], [40.74136, -73.95378001]]";"[47.10682243273991, 34.53876148195787, 269.79672145886224, 91.04786529012671, 178.04955036844524, 484.21953032220205, 161.0574469363644, 85.70445112021399, 344.02102249940975, 95.51822703181669]"
375;"40.61052,-74.09769 40.6101,-74.10893 40.61028,-74.1105 40.61097,-74.113 40.6110705,-74.115671 40.61079,-74.11726 40.60938,-74.12241 40.6084306,-74.127401 40.60804,-74.13212";"[[40.61052, -74.09769], [40.6101, -74.10893], [40.61028, -74.1105], [40.61097, -74.113], [40.6110705, -74.115671], [40.61079, -74.11726], [40.60938, -74.12241], [40.6084306, -74.127401], [40.60804, -74.13212]]";"[949.9630920860661, 134.0332115863293, 224.54865870143888, 225.74442208000778, 137.7113726907336, 462.14195194213397, 434.3442279507157, 400.7231820456512]"
381;"40.608031,-74.13212 40.60759,-74.1409";"[[40.608031, -74.13212], [40.60759, -74.1409]]";"[742.8038535071428]"
453;"40.7714206,-73.83345 40.7702704,-73.8354 40.76924,-73.836711 40.7675005,-73.838271 40.76592,-73.839261 40.7654804,-73.83954 40.7649004,-73.839841 40.76456,-73.83995 40.76418,-73.84001 40.7636705,-73.84 40.7633,-73.839941 40.7626006,-73.839671";"[[40.7714206, -73.83345], [40.7702704, -73.8354], [40.76924, -73.836711], [40.7675005, -73.838271], [40.76592, -73.839261], [40.7654804, -73.83954], [40.7649004, -73.839841], [40.76456, -73.83995], [40.76418, -73.84001], [40.7636705, -73.84], [40.7633, -73.839941], [40.7626006, -73.839671]]";"[208.14146931641562, 159.1105804562194, 233.82003526515305, 194.51745007088996, 54.23536161759283, 69.2961735849362, 38.948029157220624, 42.55515176483843, 56.6600746972191, 41.49630219896294, 81.02606650084351]"
376;"40.61052,-74.09769 40.610561,-74.09586 40.6102405,-74.093881 40.60983,-74.09251 40.60698,-74.08574 40.6065004,-74.083851 40.60616,-74.081781 40.60596,-74.076011 40.6054704,-74.073421 40.60389,-74.06922";"[[40.61052, -74.09769], [40.610561, -74.09586], [40.6102405, -74.093881], [40.60983, -74.09251], [40.60698, -74.08574], [40.6065004, -74.083851], [40.60616, -74.081781], [40.60596, -74.076011], [40.6054704, -74.073421], [40.60389, -74.06922]]";"[154.54451924460142, 170.81430647947371, 124.4084213865548, 653.483774314093, 168.1476543207134, 178.79987997283467, 487.60770868189337, 225.32326158583217, 395.8042368060581]"
399;"40.8011005,-73.92846 40.80151,-73.93066 40.8014,-73.93111 40.8012304,-73.93129 40.80096,-73.93141 40.8007405,-73.93133 40.800501,-73.93106 40.80026,-73.93057 40.81,-73.93002 40.7997606,-73.92972 40.7994205,-73.929511 40.79901,-73.92945 40.79771,-73.929341";"[[40.8011005, -73.92846], [40.80151, -73.93066], [40.8014, -73.93111], [40.8012304, -73.93129], [40.80096, -73.93141], [40.8007405, -73.93133], [40.800501, -73.93106], [40.80026, -73.93057], [40.7997606, -73.92972], [40.7994205, -73.929511], [40.79901, -73.92945], [40.79771, -73.929341]]";"[190.6953149981112, 39.80340704498065, 24.190958927864838, 31.71837679918225, 25.319165797055994, 35.01037116265513, 49.18621706197567, 41.70911844606087, 45.93340993113392, 144.84429906823476]"
350;"40.63092,-74.14592 40.62975,-74.14593 40.62877,-74.14579 40.6279506,-74.145671 40.62713,-74.145681 40.62637,-74.14586 40.6254205,-74.14618 40.6247506,-74.146381 40.6241006,-74.146661 40.6234004,-74.14704 40.6226006,-74.147501 40.6217506,-74.148181 40.6208";"[[40.63092, -74.14592], [40.62975, -74.14593], [40.62877, -74.14579], [40.6279506, -74.145671], [40.62713, -74.145681], [40.62637, -74.14586], [40.6254205, -74.14618], [40.6247506, -74.146381], [40.6241006, -74.146661], [40.6234004, -74.14704], [40.6226006, -74.147501], [40.6217506, -74.148181]]";"[130.10080110725306, 109.60962659917462, 91.6649019107746, 91.25045936850454, 85.84771350988855, 108.97882202911867, 76.39661324066952, 76.04172302017528, 84.17310626320386, 97.07212506323522, 110.57570679198435]"
439;"40.5900505,-74.19356 40.59141,-74.19352 40.59413,-74.19266 40.5984005,-74.19099 40.59978,-74.19014 40.60139,-74.188741 40.60213,-74.187981";"[[40.5900505, -74.19356], [40.59141, -74.19352], [40.59413, -74.19266], [40.5984005, -74.19099], [40.59978, -74.19014], [40.60139, -74.188741], [40.60213, -74.187981]]";"[151.20723009447119, 311.0451529006111, 495.3497608651069, 169.35055666274704, 214.4763293836869, 104.34355451487528]"
441;"40.56058,-74.199581 40.568141,-74.192011 40.5700804,-74.190751 40.571991,-74.19015 40.5737105,-74.190041 40.5751205,-74.19029 40.5763306,-74.190571 40.5777,-74.19088 40.5899804,-74.19356";"[[40.56058, -74.199581], [40.568141, -74.192011], [40.5700804, -74.190751], [40.571991, -74.19015], [40.5737105, -74.190041], [40.5751205, -74.19029], [40.5763306, -74.190571], [40.5777, -74.19088], [40.5899804, -74.19356]]";"[1056.2921776776086, 240.48350406314515, 218.4294813064807, 191.42119020252466, 158.18901879041672, 136.63388642180226, 154.49046838592625, 1384.146070811584]"
436;"40.56058,-74.199581 40.55926,-74.20113 40.5584906,-74.202351 40.55789,-74.20363 40.55738,-74.20496 40.5561606,-74.209741 40.5558905,-74.210551 40.55516,-74.212471 40.55443,-74.213991 40.55386,-74.215 40.5529104,-74.21635 40.55187,-74.21765 40.5509404,-74.";"[[40.56058, -74.199581], [40.55926, -74.20113], [40.5584906, -74.202351], [40.55789, -74.20363], [40.55738, -74.20496], [40.5561606, -74.209741], [40.5558905, -74.210551], [40.55516, -74.212471], [40.55443, -74.213991], [40.55386, -74.215], [40.5529104, -74.21635], [40.55187, -74.21765]]";"[196.63892024710475, 134.01147755481034, 127.02289683801128, 125.85923417163708, 426.0584242984849, 74.73164277841121, 181.40937585563617, 151.91971641390583, 106.22588088077816, 155.42901529080157, 159.520847236064]"
437;"40.52581,-74.23039 40.52593,-74.228371 40.52611,-74.22745 40.52653,-74.226761 40.5271204,-74.226401 40.529101,-74.22574 40.5309504,-74.22432 40.53188,-74.22409 40.536891,-74.22458 40.5388504,-74.2245 40.5418,-74.22405 40.54379,-74.22338 40.54589,-74.22241";"[[40.52581, -74.23039], [40.52593, -74.228371], [40.52611, -74.22745], [40.52653, -74.226761], [40.5271204, -74.226401], [40.529101, -74.22574], [40.5309504, -74.22432], [40.53188, -74.22409], [40.536891, -74.22458], [40.5388504, -74.2245], [40.5418, -74.22405], [40.54379, -74.22338], [40.54589, -74.22241]]";"[171.16811760901373, 80.37532528438622, 74.64786816719162, 72.35784435781098, 227.20799425039252, 238.10138826454667, 105.17859877739723, 558.7344093326064, 217.98019875175916, 330.1775718664169, 228.40559910153524, 247.4759747244785]"
387;"40.61072,-74.097911 40.61075,-74.09627 40.61061,-74.09465 40.61021,-74.09299 40.6096804,-74.09162 40.6084106,-74.08862 40.6072205,-74.08561 40.6067904,-74.08435 40.6064805,-74.082591 40.60636,-74.0809 40.6062606,-74.07679 40.60607,-74.07518 40.6056106,-74";"[[40.61072, -74.097911], [40.61075, -74.09627], [40.61061, -74.09465], [40.61021, -74.09299], [40.6096804, -74.09162], [40.6084106, -74.08862], [40.6072205, -74.08561], [40.6067904, -74.08435], [40.6064805, -74.082591], [40.60636, -74.0809], [40.6062606, -74.07679], [40.60607, -74.07518]]";"[138.56280892362082, 137.63329494665282, 147.01672888555638, 129.77804497521134, 289.9486151027136, 286.4904465173259, 116.6240430383344, 152.43845796469088, 143.37998953403817, 347.1386974286749, 137.55760783810862]"
385;"40.6077805,-74.14091 40.60826,-74.132101";"[[40.6077805, -74.14091], [40.60826, -74.132101]]";"[745.5382295373139]"
434;"40.6020904,-74.1877 40.600331,-74.18943 40.59783,-74.19099 40.592071,-74.193131 40.5907404,-74.19333 40.5902,-74.19332";"[[40.6020904, -74.1877], [40.600331, -74.18943], [40.59783, -74.19099], [40.592071, -74.193131], [40.5907404, -74.19333], [40.5902, -74.19332]]";"[244.14343384836513, 307.71059385504446, 665.3978658737311, 148.90706812004143, 60.09567083480023]"
430;"40.5902,-74.19332 40.57748,-74.19046 40.57623,-74.190181 40.5742005,-74.1898 40.57251,-74.189821 40.57162,-74.18998 40.5703306,-74.190391 40.56777,-74.192011 40.5604,-74.19941";"[[40.5902, -74.19332], [40.57748, -74.19046], [40.57623, -74.190181], [40.5742005, -74.1898], [40.57251, -74.189821], [40.57162, -74.18998], [40.5703306, -74.190391], [40.56777, -74.192011], [40.5604, -74.19941]]";"[1434.8720227654942, 140.97683167522518, 227.9527615552655, 187.98339124344176, 99.87053272734578, 147.517522854199, 315.8997023783834, 1030.6457916506813]"
431;"40.56042,-74.199391 40.55924,-74.20076 40.5585105,-74.20184 40.5579004,-74.203061 40.5571906,-74.204851 40.55606,-74.20935 40.5557304,-74.210451 40.55519,-74.21191 40.554441,-74.21348 40.55369,-74.214801 40.552851,-74.216101 40.5518206,-74.217341 40.55086";"[[40.56042, -74.199391], [40.55924, -74.20076], [40.5585105, -74.20184], [40.5579004, -74.203061], [40.5571906, -74.204851], [40.55606, -74.20935], [40.5557304, -74.210451], [40.55519, -74.21191], [40.554441, -74.21348], [40.55369, -74.214801], [40.552851, -74.216101], [40.5518206, -74.217341]]";"[174.90290066594827, 122.08265349185979, 123.45921493734791, 170.5783424939952, 400.33557176852844, 99.97552352896433, 137.12804190937212, 156.61990509999126, 139.3883802804447, 144.10604966900328, 155.25151676040187]"
433;"40.52561,-74.23039 40.5258705,-74.22618 40.5263604,-74.22336 40.52734,-74.22338 40.5371,-74.2243 40.53931,-74.22418 40.5407805,-74.223981 40.54437,-74.22283 40.5466005,-74.22172 40.54831,-74.22059";"[[40.52561, -74.23039], [40.5258705, -74.22618], [40.5263604, -74.22336], [40.52734, -74.22338], [40.5371, -74.2243], [40.53931, -74.22418], [40.5407805, -74.223981], [40.54437, -74.22283], [40.5466005, -74.22172], [40.54831, -74.22059]]";"[357.0097533827585, 244.49325415122726, 108.93966559277033, 1088.0441067386703, 245.9499275744498, 164.37457082332665, 410.81312282504075, 265.16167838793507, 212.71886271565825]"
383;"40.6167105,-74.15242 40.61572,-74.15276 40.6148106,-74.152971 40.6140506,-74.15282 40.61301,-74.15227 40.61034,-74.150871 40.6096,-74.150101";"[[40.6167105, -74.15242], [40.61572, -74.15276], [40.6148106, -74.152971], [40.6140506, -74.15282], [40.61301, -74.15227], [40.61034, -74.150871], [40.6096, -74.150101]]";"[113.81606016598921, 102.6771013590616, 85.46391279723795, 124.67559131110548, 319.51506419341587, 104.85986348626875]"
258;"40.6162405,-74.02612 40.61923,-74.02361 40.62362,-74.019831 40.6248406,-74.019061 40.62579,-74.01859 40.6279004,-74.017721 40.63049,-74.01676 40.63239,-74.016061 40.63336,-74.01586";"[[40.6162405, -74.02612], [40.61923, -74.02361], [40.62362, -74.019831], [40.6248406, -74.019061], [40.62579, -74.01859], [40.6279004, -74.017721], [40.63049, -74.01676], [40.63239, -74.016061], [40.63336, -74.01586]]";"[394.18791296493805, 583.1071507072729, 150.48002520755705, 112.80412957608992, 245.85858217775123, 299.1529252479709, 219.35041992333765, 109.18458429554939]"
259;"40.6756,-74.841 40.67643,-74.001241 40.6772405,-74.001741 40.6783605,-74.002531 40.67925,-74.00331 40.6795705,-74.00341 40.68001,-74.00332 40.6805806,-74.003031 40.6814704,-74.0026 40.68522,-74.76 40.6872004,-73.999811 40.6892206,-73.99885 40.68972,-73.99";"[[40.6756, -74.841], [40.6772405, -74.001741], [40.6783605, -74.002531], [40.67925, -74.00331], [40.6795705, -74.00341], [40.68001, -74.00332], [40.6805806, -74.003031], [40.6814704, -74.0026], [40.6872004, -73.999811], [40.6892206, -73.99885], [40.68972, -73.99]]";"[99.49939879343015, 141.2373245685149, 118.73539761792077, 36.62205874645917, 49.45596002606935, 67.96711373273327, 105.40518252395808, 238.80274691420877, 748.2424930143678]"
261;"40.61632,-74.0263 40.61928,-74.02375 40.6237206,-74.019951 40.6248,-74.01925 40.62583,-74.018741 40.6279506,-74.017891 40.63065,-74.01698 40.63237,-74.016321 40.6332305,-74.016151";"[[40.61632, -74.0263], [40.61928, -74.02375], [40.6237206, -74.019951], [40.6248, -74.01925], [40.62583, -74.018741], [40.6279506, -74.017891], [40.63065, -74.01698], [40.63237, -74.016321], [40.6332305, -74.016151]]";"[393.2631264428284, 588.742779417952, 133.81273066406985, 122.32175955597499, 246.4699040408188, 309.8486982729799, 199.17627710782878, 96.75265672104507]"
354;"40.8859405,-73.89676 40.88698,-73.89528 40.8876205,-73.89407 40.8884506,-73.89185 40.8891906,-73.889041 40.88976,-73.88773 40.8907504,-73.886441 40.8938205,-73.883351 40.8966206,-73.88065 40.8978505,-73.879821 40.8992805,-73.879331 40.90706,-73.87806 40.9";"[[40.8859405, -73.89676], [40.88698, -73.89528], [40.8876205, -73.89407], [40.8884506, -73.89185], [40.8891906, -73.889041], [40.88976, -73.88773], [40.8907504, -73.886441], [40.8938205, -73.883351], [40.8966206, -73.88065], [40.8978505, -73.879821], [40.8992805, -73.879331], [40.90706, -73.87806]]";"[169.82198598827867, 124.1715769259586, 208.19749257532362, 250.05436710737467, 127.09628799447098, 154.4938500422868, 428.9552965574033, 385.3370375945005, 153.48596077946024, 164.25559172313277, 871.6111804475315]"
154;"40.6757405,-74.00126 40.6765204,-74.0018 40.67817,-74.003221 40.67864,-74.003471 40.67925,-74.0036 40.6796,-74.00358 40.68003,-74.003441 40.6806205,-74.003161 40.68153,-74.00273 40.6853005,-74.891 40.68726,-73.999951 40.6892405,-73.99899 40.68972,-73.9988";"[[40.6757405, -74.00126], [40.6765204, -74.0018], [40.67817, -74.003221], [40.67864, -74.003471], [40.67925, -74.0036], [40.6796, -74.00358], [40.68003, -74.003441], [40.6806205, -74.003161], [40.68153, -74.00273], [40.68726, -73.999951], [40.6892405, -73.99899], [40.68972, -73.9988]]";"[97.95044709649021, 219.10096177817235, 56.35359209042583, 68.69567806987199, 38.95475045808945, 49.229576394074435, 69.7768013891091, 107.46403361391626, 234.6549547690971, 55.67257105977745]"
428;"40.7626006,-73.839671 40.7613906,-73.83898 40.7610504,-73.83887 40.7605406,-73.83879 40.76001,-73.838821 40.75831,-73.83897 40.75788,-73.8389340.75562,-73.83847 40.75513,-73.83834 40.75455,-73.83811 40.7513,-73.835911 40.75041,-73.8353 40.7498406,-73.8350";"[[40.7626006, -73.839671], [40.7613906, -73.83898], [40.7610504, -73.83887], [40.7605406, -73.83879], [40.76001, -73.838821], [40.75831, -73.83897], [40.75513, -73.83834], [40.75455, -73.83811], [40.7513, -73.835911], [40.75041, -73.8353], [40.7498406, -73.835]]";"[146.59311454901666, 38.9464803416647, 57.08620586019738, 59.05777172132639, 189.44749756207017, 357.55932900267334, 67.33999453368126, 406.0888352547396, 111.54714410039348, 68.17143119160774]"
159;"40.8563506,-73.87233 40.85219,-73.871371 40.85007,-73.87111 40.8469404,-73.87115 40.8459605,-73.871311 40.8424005,-73.87202 40.83961,-73.87273 40.8362404,-73.87372 40.8349506,-73.8739 40.8333606,-73.873831 40.8319705,-73.873681 40.82985,-73.87313 40.82683";"[[40.8563506, -73.87233], [40.85219, -73.871371], [40.85007, -73.87111], [40.8469404, -73.87115], [40.8459605, -73.871311], [40.8424005, -73.87202], [40.83961, -73.87273], [40.8362404, -73.87372], [40.8349506, -73.8739], [40.8333606, -73.873831], [40.8319705, -73.873681], [40.82985, -73.87313]]";"[469.6158916881979, 236.75319248965113, 348.01190640571775, 109.79827748615423, 400.32140428970075, 315.9854530356043, 383.8271102719516, 144.21646212652487, 176.89520813345771, 155.0863810276943, 240.30286646079423]"
184;"40.8347204,-73.86593 40.83357,-73.86199 40.8327305,-73.8592 40.8312,-73.85409 40.83017,-73.85069 40.83015,-73.85071 40.8301304,-73.850731 40.8301105,-73.850731";"[[40.8347204, -73.86593], [40.83357, -73.86199], [40.8327305, -73.8592], [40.8312, -73.85409], [40.83017, -73.85069], [40.83015, -73.85071], [40.8301304, -73.850731], [40.8301105, -73.850731]]";"[355.30101912548366, 252.60875936393123, 462.3802037159605, 308.1350624137942, 2.7887729538549384, 2.8056438783056743, 2.2127790400637837]"
148;"40.69153,-73.99911 40.6922605,-73.99937 40.6928906,-73.99937 40.6933406,-73.99925 40.69406,-73.99898 40.695,-73.99853 40.697371,-73.99741 40.699431,-73.99642 40.69977,-73.9962 40.7001405,-73.99584 40.7004504,-73.995421 40.7007905,-73.994881 40.7010805,-7";"[[40.69153, -73.99911], [40.6922605, -73.99937], [40.6928906, -73.99937], [40.6933406, -73.99925], [40.69406, -73.99898], [40.695, -73.99853], [40.697371, -73.99741], [40.699431, -73.99642], [40.69977, -73.9962], [40.7001405, -73.99584], [40.7004504, -73.995421], [40.7007905, -73.994881]]";"[84.13378785773178, 70.06392327821587, 51.05026356197854, 83.16940838439967, 111.19545862478816, 280.04155047246223, 243.79235580479715, 42.010510042691536, 51.16902988773074, 49.34648716214961, 59.18110532262299]"
160;"40.8562805,-73.87254 40.8521804,-73.871581 40.8501706,-73.871451 40.8483304,-73.871491 40.8458506,-73.87152 40.84239,-73.872261 40.83964,-73.87291 40.8363,-73.8739 40.8349506,-73.87408 40.83339,-73.87407 40.8319705,-73.873921 40.8298404,-73.873331 40.8268";"[[40.8562805, -73.87254], [40.8521804, -73.871581], [40.8501706, -73.871451], [40.8483304, -73.871491], [40.8458506, -73.87152], [40.84239, -73.872261], [40.83964, -73.87291], [40.8363, -73.8739], [40.8349506, -73.87408], [40.83339, -73.87407], [40.8319705, -73.873921], [40.8298404, -73.873331]]";"[462.9900133175613, 223.74689190057907, 204.64856206658158, 275.7519684410473, 389.81681159628454, 310.62153681433733, 380.6148150858754, 150.8086485378773, 173.5328419075745, 158.33821062955275, 242.00205911749686]"
185;"40.8304204,-73.850811 40.83156,-73.854671 40.83238,-73.857341 40.83312,-73.859891 40.83335,-73.86046 40.83352,-73.86113 40.8337406,-73.862011 40.83415,-73.86333 40.8345205,-73.86458 40.8350406,-73.866311";"[[40.8304204, -73.850811], [40.83156, -73.854671], [40.83238, -73.857341], [40.83312, -73.859891], [40.83335, -73.86046], [40.83352, -73.86113], [40.8337406, -73.862011], [40.83415, -73.86333], [40.8345205, -73.86458], [40.8350406, -73.866311]]";"[348.60637040857665, 242.43605745499687, 229.776324172906, 54.274366900659224, 59.453335827795726, 78.07325988378048, 119.94339968134891, 112.94477806605526, 156.69190856321057]"
157;"40.69158,-73.99929 40.69221,-73.999531 40.69286,-73.99952 40.69335,-73.999361 40.69411,-73.99907 40.6950804,-73.998591 40.6974105,-73.997481 40.69959,-73.99644 40.6998306,-73.996271 40.70022,-73.9959 40.70053,-73.995471 40.7008805,-73.9949 40.70116,-73.99";"[[40.69158, -73.99929], [40.69221, -73.999531], [40.69286, -73.99952], [40.69335, -73.999361], [40.69411, -73.99907], [40.6950804, -73.998591], [40.6974105, -73.997481], [40.69959, -73.99644], [40.6998306, -73.996271], [40.70022, -73.9959], [40.70053, -73.995471], [40.7008805, -73.9949], [40.70116, -73.99]]";"[72.9400752757815, 72.28265206977947, 56.11034269548157, 87.99735388313249, 115.21279922589954, 275.4766974570769, 257.7495785707774, 30.310448457402508, 53.413382855255705, 49.96101104841928, 61.93508587380397, 414.2345978459566]"
178;"40.8302204,-73.850641 40.8295305,-73.848401 40.8291004,-73.847491 40.82836,-73.8459 40.8281405,-73.84524 40.8280305,-73.844641 40.827991,-73.843911 40.82804,-73.842981 40.8281906,-73.841761 40.8286304,-73.83844 40.82887,-73.83673 40.8291904,-73.83548 40.8";"[[40.8302204, -73.850641], [40.8295305, -73.848401], [40.8291004, -73.847491], [40.82836, -73.8459], [40.8281405, -73.84524], [40.8280305, -73.844641], [40.827991, -73.843911], [40.82804, -73.842981], [40.8281906, -73.841761], [40.8286304, -73.83844], [40.82887, -73.83673], [40.8291904, -73.83548]]";"[203.47962704683545, 90.27374369896322, 157.15370222655423, 60.6582996432292, 51.861898356764, 61.57793175009728, 78.43824495311736, 104.00576720484825, 283.66939115229724, 146.32116751638523, 111.04194420245393]"
423;"40.7624804,-73.839391 40.76191,-73.839121 40.76153,-73.83892 40.76122,-73.83879 40.7609604,-73.838721 40.76061,-73.838681 40.76024,-73.83869 40.7587705,-73.83884 40.75845,-73.838811 40.7581404,-73.838771 40.7558805,-73.838371 40.75522,-73.8382 40.75473,-7";"[[40.7624804, -73.839391], [40.76191, -73.839121], [40.76153, -73.83892], [40.76122, -73.83879], [40.7609604, -73.838721], [40.76061, -73.838681], [40.76024, -73.83869], [40.7587705, -73.83884], [40.75845, -73.838811], [40.7581404, -73.838771], [40.7558805, -73.838371], [40.75522, -73.8382]]";"[67.37884692831057, 45.51910025043601, 36.16753592969531, 29.445375838010264, 39.10808082600285, 41.149105262272286, 163.88862577730234, 35.72158069322814, 34.59041269484604, 253.5379269840646, 74.84327200148313]"
424;"40.77125,-73.833351 40.77065,-73.834421 40.77006,-73.8354 40.769341,-73.83641 40.76874,-73.836931 40.7679705,-73.837601 40.7672504,-73.83798 40.7659105,-73.83889 40.76558,-73.839031 40.7650104,-73.83937 40.7646304,-73.83955 40.764281,-73.83965 40.76377,-7";"[[40.77125, -73.833351], [40.77065, -73.834421], [40.77006, -73.8354], [40.769341, -73.83641], [40.76874, -73.836931], [40.7679705, -73.837601], [40.7672504, -73.83798], [40.7659105, -73.83889], [40.76558, -73.839031], [40.7650104, -73.83937], [40.7646304, -73.83955], [40.764281, -73.83965]]";"[112.11677230571179, 105.36075907378552, 116.7310694815971, 79.94389765806667, 102.49336709940451, 86.19841824334554, 167.54479762096642, 38.62077632582344, 69.47392100878376, 44.89111795783436, 39.75384431764591]"
167;"40.7992604,-73.828251 40.79751,-73.827091 40.795711,-73.8258 40.7932906,-73.82419 40.7925904,-73.82378 40.791681,-73.823501 40.7907606,-73.823421 40.7886106,-73.82362 40.7870405,-73.82414 40.78439,-73.8247 40.78249,-73.825031 40.7817,-73.82527 40.78065,-7";"[[40.7992604, -73.828251], [40.79751, -73.827091], [40.795711, -73.8258], [40.7932906, -73.82419], [40.7925904, -73.82378], [40.791681, -73.823501], [40.7907606, -73.823421], [40.7886106, -73.82362], [40.7870405, -73.82414], [40.78439, -73.8247], [40.78249, -73.825031], [40.7817, -73.82527]]";"[217.75539398730706, 227.65313860593696, 301.33544431244786, 85.16608150573893, 103.8125419349343, 102.56516576328937, 239.65538095163626, 179.99231253723872, 298.469500242203, 213.10049551489942, 90.11937987335097]"
257;"40.6333906,-74.01586 40.634,-74.015921 40.63445,-74.01605 40.6349304,-74.0163 40.6354904,-74.016831 40.6363404,-74.0181 40.6376906,-74.020311 40.63817,-74.02093 40.6386004,-74.02127 40.6391604,-74.02155 40.63971,-74.02163 40.6402406,-74.021561 40.6409304,";"[[40.6333906, -74.01586], [40.634, -74.015921], [40.63445, -74.01605], [40.6349304, -74.0163], [40.6354904, -74.016831], [40.6363404, -74.0181], [40.6376906, -74.020311], [40.63817, -74.02093], [40.6386004, -74.02127], [40.6391604, -74.02155], [40.63971, -74.02163], [40.6402406, -74.021561]]";"[67.95741666617614, 51.208082082947925, 57.432752074518326, 76.71460945668778, 142.82658532359778, 239.47258203281916, 74.63021005796996, 55.7983852231275, 66.60051334509622, 61.48439598108623, 59.286582246869486]"
262;"40.6332305,-74.016151 40.63391,-74.01613 40.6343505,-74.016241 40.63485,-74.016501 40.63533,-74.01694 40.63622,-74.01827 40.6375704,-74.02046 40.63803,-74.021071 40.6385,-74.02146 40.63908,-74.02173 40.63967,-74.02185 40.64036,-74.02172 40.64103,-74.02143";"[[40.6332305, -74.016151], [40.63391, -74.01613], [40.6343505, -74.016241], [40.63485, -74.016501], [40.63533, -74.01694], [40.63622, -74.01827], [40.6375704, -74.02046], [40.63803, -74.021071], [40.6385, -74.02146], [40.63908, -74.02173], [40.63967, -74.02185], [40.64036, -74.02172], [40.64103, -74.02143]]";"[75.57773056729324, 49.86890588593776, 59.71807624275775, 64.9692117554036, 149.62915599399506, 238.108960948812, 72.59297175893641, 61.714246584841774, 68.39866986234028, 66.38176169783692, 77.50462391743093, 78.41600079842253]"
169;"40.66639,-73.76248 40.66579,-73.75706 40.66574,-73.7563 40.66571,-73.7494 40.66542,-73.74244 40.66552,-73.74173 40.66564,-73.74133 40.66592,-73.74068 40.6661,-73.74033 40.66662,-73.73964 40.6671,-73.73915 40.66821,-73.7382 40.67221,-73.73551 40.6737,-73.7";"[[40.66639, -73.76248], [40.66579, -73.75706], [40.66574, -73.7563], [40.66571, -73.7494], [40.66542, -73.74244], [40.66552, -73.74173], [40.66564, -73.74133], [40.66592, -73.74068], [40.6661, -73.74033], [40.66662, -73.73964], [40.6671, -73.73915], [40.66821, -73.7382], [40.67221, -73.73551]]";"[461.9850687182546, 64.34209850377322, 581.9835270206179, 587.9210195351507, 60.9081050491909, 36.28054749297384, 63.047505791089264, 35.665829109449085, 82.03768872477252, 67.50356514045569, 147.1530123357715, 499.29860325695125]"
204;"40.7894406,-73.786291  40.78918,-73.78792  40.78876,-73.789521  40.7882704,-73.790631  40.7872906,-73.79263  40.7866804,-73.7941  40.7864,-73.794901  40.7861204,-73.796241  40.78602,-73.79693  40.78596,-73.79837  40.78615,-73.80182  40.786331,-73.80525  4";"[[40.7894406, -73.786291], [40.78918, -73.78792], [40.78876, -73.789521], [40.7882704, -73.790631], [40.7872906, -73.79263], [40.7866804, -73.7941], [40.7864, -73.794901], [40.7861204, -73.796241], [40.78602, -73.79693], [40.78596, -73.79837], [40.78615, -73.80182], [40.786331, -73.80525]]";"[140.16951169326464, 142.64661073950762, 108.15082455984084, 200.4818798840544, 141.13939256873866, 74.29595928458231, 117.02205335235203, 59.072577984159444, 121.41958843451266, 291.2286695815593, 289.477193821611]"
2;"40.73933,-74.01004 40.73895,-74.01012 40.7376,-74.010021 40.7346,-74.01026 40.72912,-74.010781 40.72619,-74.011131";"[[40.73933, -74.01004], [40.73895, -74.01012], [40.7376, -74.010021], [40.7346, -74.01026], [40.72912, -74.010781], [40.72619, -74.011131]]";"[42.78826287012105, 150.34470358283266, 334.19201344909305, 610.927496038963, 327.1333306575699]"
215;"40.7369006,-73.974651 40.73868,-73.973391 40.73897,-73.97323 40.73955,-73.97298 40.7415304,-73.97247 40.7423406,-73.97229 40.7428504,-73.97213 40.74338,-73.971871 40.7440804,-73.97141 40.7446706,-73.97103 40.7455605,-73.970301 40.7465204,-73.96929 40.7472";"[[40.7369006, -73.974651], [40.73868, -73.973391], [40.73897, -73.97323], [40.73955, -73.97298], [40.7415304, -73.97247], [40.7423406, -73.97229], [40.7428504, -73.97213], [40.74338, -73.971871], [40.7440804, -73.97141], [40.7446706, -73.97103], [40.7455605, -73.970301], [40.7465204, -73.96929]]";"[224.54025371866328, 34.98334190147187, 67.84536654002098, 224.36312739428126, 91.35751506525713, 58.26776197456158, 62.80124015705095, 87.02734437421873, 73.01891517255719, 116.46113631289793, 136.5516221003607]"
222;"40.7606904,-73.956791 40.7601606,-73.95751 40.75941,-73.9582 40.758081,-73.959251 40.75674,-73.96034 40.75594,-73.960941 40.7548505,-73.9623 40.7535,-73.96347 40.7530804,-73.963941 40.7527204,-73.96419 40.75171,-73.96518 40.75041,-73.96625 40.7492,-73.967";"[[40.7606904, -73.956791], [40.7601606, -73.95751], [40.75941, -73.9582], [40.758081, -73.959251], [40.75674, -73.96034], [40.75594, -73.960941], [40.7548505, -73.9623], [40.7535, -73.96347], [40.7530804, -73.963941], [40.7527204, -73.96419], [40.75171, -73.96518], [40.75041, -73.96625], [40.7492, -73.967]]";"[84.4848307246044, 101.70269800262756, 172.26279692801467, 175.06527767319196, 102.3510144397197, 166.6726991644416, 179.6192107113325, 61.24480435384604, 45.19216289358293, 139.91815776264224, 170.35130076421962, 148.6407634695707]"
221;"40.736971,-73.97477 40.73651,-73.975011 40.73595,-73.97506 40.73512,-73.974911 40.734061,-73.974611 40.7327304,-73.974281 40.731711,-73.97403 40.7313705,-73.973851 40.73096,-73.97359 40.73067,-73.97328 40.73019,-73.972671 40.72966,-73.972181 40.72914,-73.";"[[40.736971, -73.97477], [40.73651, -73.975011], [40.73595, -73.97506], [40.73512, -73.974911], [40.734061, -73.974611], [40.7327304, -73.974281], [40.731711, -73.97403], [40.7313705, -73.973851], [40.73096, -73.97359], [40.73067, -73.97328], [40.73019, -73.972671], [40.72966, -73.972181]]";"[55.13600771957639, 62.40586953743185, 93.14171871441961, 120.43783020416002, 150.5460138537421, 115.30824166894433, 40.75547232041647, 50.66724171173094, 41.49881445608958, 74.04076252780503, 71.95761407500045]"
4;"40.7607,-74.002141 40.76212,-74.91 40.76335,-73.999271 40.76491,-73.99805 40.7667406,-73.996681 40.7693,-73.994801 40.7699605,-73.994521 40.7710104,-73.99438 40.7715106,-73.9942";"[[40.7607, -74.002141], [40.76335, -73.999271], [40.76491, -73.99805], [40.7667406, -73.996681], [40.7693, -73.994801], [40.7699605, -73.994521], [40.7710104, -73.99438], [40.7715106, -73.9942]]";"[201.6536787682116, 233.93716547788128, 325.66709848304566, 77.13657154094192, 117.34583362654689, 57.648179565764494]"
149;"40.6916,-73.99915 40.69236,-73.99939 40.69272,-73.999411 40.69328,-73.99929 40.6940504,-73.999001 40.694461,-73.998831 40.694931,-73.99862 40.69543,-73.99836 40.69592,-73.99813 40.69675,-73.99772 40.6977506,-73.997251 40.698871,-73.996721 40.6993606,-73.9";"[[40.6916, -73.99915], [40.69236, -73.99939], [40.69272, -73.999411], [40.69328, -73.99929], [40.6940504, -73.999001], [40.694461, -73.998831], [40.694931, -73.99862], [40.69543, -73.99836], [40.69592, -73.99813], [40.69675, -73.99772], [40.6977506, -73.997251], [40.698871, -73.996721]]";"[86.89686733801217, 40.06930886948118, 63.09926979105323, 89.0622399959812, 47.85336816663813, 55.206159770409656, 59.65904881584894, 57.83303166197066, 98.55215051343973, 118.07818890379188, 132.35263527808772]"
223;"40.70908,-73.9959 40.70895,-73.996941 40.70882,-73.997611 40.70861,-73.99827 40.70841,-73.998731 40.7082204,-73.99911 40.70806,-73.99937";"[[40.70908, -73.9959], [40.70895, -73.996941], [40.70882, -73.997611], [40.70861, -73.99827], [40.70841, -73.998731], [40.7082204, -73.99911], [40.70806, -73.99937]]";"[88.92787479397079, 58.29460993727452, 60.25547952258916, 44.771527991452906, 38.27557295186806, 28.255976070957907]"
450;"40.8500304,-73.944831 40.8492,-73.945241 40.84835,-73.945271 40.84443,-73.945051 40.84353,-73.94511 40.84261,-73.945271 40.8412805,-73.94574 40.8401804,-73.946311 40.839541,-73.94677 40.83856,-73.947611 40.8376105,-73.94856 40.8373205,-73.94883 40.83661,-";"[[40.8500304, -73.944831], [40.8492, -73.945241], [40.84835, -73.945271], [40.84443, -73.945051], [40.84353, -73.94511], [40.84261, -73.945271], [40.8412805, -73.94574], [40.8401804, -73.946311], [40.839541, -73.94677], [40.83856, -73.947611], [40.8376105, -73.94856], [40.8373205, -73.94883]]";"[98.56590860936123, 94.54936581725666, 436.2767549059104, 100.19842116164101, 103.19191923723176, 153.0075207389659, 131.41837263280394, 80.90654010388977, 130.01656433585697, 132.36586030507166, 39.443265907540585]"
208;"40.74877,-73.73895  40.74799,-73.73784  40.74717,-73.73689  40.74625,-73.73597  40.74547,-73.7350  40.74466,-73.734  40.744,-73.73302  40.74372,-73.73251  40.74184,-73.72849  40.7406,-73.72642  40.7396,-73.72512  40.73889,-73.724471  40.7380804,-73.723981";"[[40.74877, -73.73895], [40.74799, -73.73784], [40.74717, -73.73689], [40.74625, -73.73597], [40.74547, -73.735], [40.74466, -73.734], [40.744, -73.73302], [40.74372, -73.73251], [40.74184, -73.72849], [40.7406, -73.72642], [40.7396, -73.72512], [40.73889, -73.724471], [40.7380804, -73.723981]]";"[127.53735460143908, 121.31905116207025, 128.34231004901386, 119.16310427695097, 123.32564549776, 110.46263602311359, 53.059928457690525, 397.9930905360354, 222.31683245853193, 156.07695361973043, 96.03453524434728, 99.03806974800851]"
199;"40.71167,-73.72839 40.71309,-73.72892 40.71362,-73.72902 40.71486,-73.7291 40.71577,-73.72891 40.71674,-73.72849 40.71735,-73.72803 40.71918,-73.72643 40.72008,-73.72586 40.72073,-73.72557 40.72246,-73.72499 40.72322,-73.7248 40.73177,-73.72294 40.73334,-";"[[40.71167, -73.72839], [40.71309, -73.72892], [40.71362, -73.72902], [40.71486, -73.7291], [40.71577, -73.72891], [40.71674, -73.72849], [40.71735, -73.72803], [40.71918, -73.72643], [40.72008, -73.72586], [40.72073, -73.72557], [40.72246, -73.72499], [40.72322, -73.7248], [40.73177, -73.72294]]";"[164.094186098284, 59.53295498710462, 138.04647233356044, 102.44665468660017, 113.5190488827366, 78.12649198110667, 244.11017825272708, 111.00751361672775, 76.2969274574699, 198.4798752032541, 86.01162133178768, 963.5495915550885]"
207;"40.71426,-73.729261  40.7136604,-73.7292  40.7123906,-73.728861  40.71038,-73.72795  40.7091206,-73.72763  40.69798,-73.72709  40.6909405,-73.72678  40.6900905,-73.72678  40.68932,-73.72673  40.687321,-73.72641  40.68526,-73.726341  40.68526,-73.72634  40";"[[40.71426, -73.729261], [40.7136604, -73.7292], [40.7123906, -73.728861], [40.71038, -73.72795], [40.7091206, -73.72763], [40.69798, -73.72709], [40.6909405, -73.72678], [40.6900905, -73.72678], [40.68932, -73.72673], [40.687321, -73.72641], [40.68526, -73.726341], [40.68526, -73.72634]]";"[66.87041142384994, 144.05726888844757, 236.38694724646032, 142.6127426429425, 1239.6142520240526, 783.1928805499335, 94.515687648831, 85.77934502383677, 223.910191070669, 229.24658119193768, 0.08431934348621484]"
331;"40.68331006,-73.72663 40.68361,-73.72646 40.68417,-73.726 40.68465005,-73.72547 40.68503005,-73.72495 40.68503005,-73.72495 40.68523004,-73.72472 40.6857301,-73.72444 40.68613006,-73.7243301 40.68663,-73.7244 40.68687006,-73.7245201 40.68726,-73.72485 40.";"[[40.68331006, -73.72663], [40.68361, -73.72646], [40.68417, -73.726], [40.68465005, -73.72547], [40.68503005, -73.72495], [40.68503005, -73.72495], [40.68523004, -73.72472], [40.6857301, -73.72444], [40.68613006, -73.7243301], [40.68663, -73.7244], [40.68687006, -73.7245201], [40.68726, -73.72485]]";"[36.3018719066439, 73.36166197142138, 69.61688810209155, 60.89259133218849, 0.0, 29.506445743042814, 60.4087798071501, 45.42867112515252, 55.90235472357156, 28.54972914686036, 51.51479469541348]"
332;"40.683644,-73.72667001  40.68314,-73.72692  40.681365,-73.72806  40.678944,-73.72983  40.678236,-73.73047001  40.67642,-73.73234001  40.67526,-73.7334  40.673794,-73.73464001  40.672886,-73.73533  40.668966,-73.73805  40.668534,-73.73831  40.66749,-73.739";"[[40.683644, -73.72667001], [40.68314, -73.72692], [40.681365, -73.72806], [40.678944, -73.72983], [40.678236, -73.73047001], [40.67642, -73.73234001], [40.67526, -73.7334], [40.673794, -73.73464001], [40.672886, -73.73533], [40.668966, -73.73805], [40.668534, -73.73831], [40.66749, -73.739]]";"[59.875552937827266, 219.53582100129057, 307.8112476509504, 95.44952864867678, 256.2103195031909, 156.93324109209541, 193.67107706975654, 116.53323675125465, 492.5630629886498, 52.80468377802892, 129.8576649358182]"
330;"40.75719,-73.99724 40.76017,-74.00382 40.76185,-74.00725 40.76608,-74.01726";"[[40.75719, -73.99724], [40.76017, -74.00382], [40.76185, -74.00725], [40.76608, -74.01726]]";"[645.7153670671632, 344.02379612505234, 965.3746922623909]"
212;"40.78802,-73.79003 40.7868604,-73.78838 40.7863506,-73.787771 40.7854504,-73.786831 40.78502,-73.786481 40.7848004,-73.78632 40.7844005,-73.78601 40.7837704,-73.785671 40.7831705,-73.78538 40.78264,-73.7852 40.7817,-73.78497 40.78116,-73.78489 40.78058,-7";"[[40.78802, -73.79003], [40.7868604, -73.78838], [40.7863506, -73.787771], [40.7854504, -73.786831], [40.78502, -73.786481], [40.7848004, -73.78632], [40.7844005, -73.78601], [40.7837704, -73.785671], [40.7831705, -73.78538], [40.78264, -73.7852], [40.7817, -73.78497], [40.78116, -73.78489]]";"[189.53331192411895, 76.43484748740504, 127.60385128111595, 56.20273547466081, 27.928465245976312, 51.56074702870014, 75.65440757038172, 71.06303302567127, 60.90461495760095, 106.30201144984711, 60.421886389305826]"
318;"40.7442206,-73.771661 40.7454306,-73.76907 40.745701,-73.76831 40.7465005,-73.7654 40.7476404,-73.76128 40.7480905,-73.76008 40.7488704,-73.75842 40.7492,-73.757551 40.74947,-73.75658 40.75032,-73.75319 40.7506906,-73.75108 40.7508404,-73.75023 40.75104,-";"[[40.7442206, -73.771661], [40.7454306, -73.76907], [40.745701, -73.76831], [40.7465005, -73.7654], [40.7476404, -73.76128], [40.7480905, -73.76008], [40.7488704, -73.75842], [40.7492, -73.757551], [40.74947, -73.75658], [40.75032, -73.75319], [40.7506906, -73.75108], [40.7508404, -73.75023]]";"[256.4118159988245, 70.73323574101067, 260.76698335573644, 369.493871510765, 112.79933892052692, 164.54475167790653, 81.8653863192645, 87.13112054963186, 300.80007740152337, 182.45412573793448, 73.51293664144968]"
211;"40.78795,-73.790191 40.78647,-73.78812 40.7862104,-73.787781 40.78587,-73.787381 40.7854106,-73.786931 40.7846506,-73.786261 40.7843806,-73.786071 40.78327,-73.78547 40.78266,-73.785271 40.7795604,-73.78463 40.77606,-73.78439 40.77373,-73.78426 40.77273,-";"[[40.78795, -73.790191], [40.78647, -73.78812], [40.7862104, -73.787781], [40.78587, -73.787381], [40.7854106, -73.786931], [40.7846506, -73.786261], [40.7843806, -73.786071], [40.78327, -73.78547], [40.78266, -73.785271], [40.7795604, -73.78463], [40.77606, -73.78439], [40.77373, -73.78426]]";"[239.7571403880943, 40.59357584454089, 50.66358200215515, 63.599169817126885, 101.60529470127277, 34.01846087238537, 133.45783515784086, 69.86764583007323, 348.859901977059, 389.75097762719554, 259.3153357980974]"
319;"40.7537504,-73.744391 40.75605,-73.740851 40.7576705,-73.738391 40.7591904,-73.735841 40.7596604,-73.734851 40.75999,-73.73388 40.7607206,-73.73196 40.76113,-73.731051 40.76178,-73.72999 40.76274,-73.72851 40.7633104,-73.727421 40.7638,-73.72609 40.76408,";"[[40.7537504, -73.744391], [40.75605, -73.740851], [40.7576705, -73.738391], [40.7591904, -73.735841], [40.7596604, -73.734851], [40.75999, -73.73388], [40.7607206, -73.73196], [40.76113, -73.731051], [40.76178, -73.72999], [40.76274, -73.72851], [40.7633104, -73.727421], [40.7638, -73.72609]]";"[392.8037606230598, 274.5939594693009, 273.29905818691464, 98.40748107787628, 89.61905051065332, 180.96986127126087, 89.07116769055402, 114.93134630969017, 164.11019994528522, 111.51111332822634, 124.61775826345017]"
405;"40.79782,-73.79339 40.793425,-73.79344 40.792794,-73.79337001 40.792,-73.79318 40.79086,-73.79276 40.79086,-73.79276 40.7901,-73.79252001 40.788326,-73.79229001 40.788055,-73.79212001 40.78792001,-73.79197 40.78779,-73.79155 40.78775,-73.79135001 40.78776";"[[40.79782, -73.79339], [40.793425, -73.79344], [40.792794, -73.79337001], [40.792, -73.79318], [40.79086, -73.79276], [40.79086, -73.79276], [40.7901, -73.79252001], [40.788326, -73.79229001], [40.788055, -73.79212001], [40.78792001, -73.79197], [40.78779, -73.79155], [40.78775, -73.79135001]]";"[488.7198273273283, 70.41094940131133, 89.72608745011121, 131.60099839444408, 0.0, 86.88970415528149, 198.20787300541818, 33.359922086348234, 19.61641147721884, 38.200614080106476, 17.41463570504281]"
265;"40.8462505,-73.932161 40.846951,-73.933641 40.8484204,-73.937041 40.8490306,-73.93994 40.8493804,-73.94181 40.8499005,-73.944651 40.8509,-73.950381 40.85139,-73.95283 40.85186,-73.95525 40.852771,-73.95957 40.85302,-73.96052 40.8531905,-73.96133 40.853280";"[[40.8462505, -73.932161], [40.846951, -73.933641], [40.8484204, -73.937041], [40.8490306, -73.93994], [40.8493804, -73.94181], [40.8499005, -73.944651], [40.8509, -73.950381], [40.85139, -73.95283], [40.85186, -73.95525], [40.852771, -73.95957], [40.85302, -73.96052], [40.8531905, -73.96133]]";"[146.85005679815845, 329.36938160677187, 253.10536898467993, 162.02659991355492, 245.8581022296696, 494.599229001721, 213.0675085845487, 210.1448636635619, 377.20150138147255, 84.56274412082267, 70.7151753116657]"
195;"40.84653,-73.932031 40.8471706,-73.933591 40.84859,-73.93696 40.849211,-73.939901 40.84955,-73.941791 40.85004,-73.944611 40.85116,-73.95037 40.85161,-73.952851 40.8520306,-73.955211 40.85291,-73.959611 40.853241,-73.96066 40.8534605,-73.961481 40.8535705";"[[40.84653, -73.932031], [40.8471706, -73.933591], [40.84859, -73.93696], [40.849211, -73.939901], [40.84955, -73.941791], [40.85004, -73.944611], [40.85116, -73.95037], [40.85161, -73.952851], [40.8520306, -73.955211], [40.85291, -73.959611], [40.853241, -73.96066], [40.8534605, -73.961481]]";"[149.30598580976437, 324.3658250506577, 256.83016594481546, 163.3784832512232, 243.37003936155446, 500.1418945923361, 214.58937095426614, 203.9307804423519, 382.77367908177297, 95.59711196400788, 73.23794080685515]"
345;"40.85526,-73.918591 40.85266,-73.92085 40.85004,-73.92327 40.8473705,-73.92541 40.84608,-73.926381 40.84534,-73.926841 40.8449504,-73.926961 40.84467,-73.92685 40.84454,-73.92668 40.8443705,-73.9264 40.84429,-73.92605 40.8443506,-73.92568 40.844511,-73.92";"[[40.85526, -73.918591], [40.85266, -73.92085], [40.85004, -73.92327], [40.8473705, -73.92541], [40.84608, -73.926381], [40.84534, -73.926841], [40.8449504, -73.926961], [40.84467, -73.92685], [40.84454, -73.92668], [40.8443705, -73.9264], [40.84429, -73.92605], [40.8443506, -73.92568], [40.844511, -73.92]]";"[345.948882760813, 355.3920545871909, 347.1469188381464, 165.11291733053062, 90.92784961627986, 44.48196404400699, 32.54709326499793, 20.333365823906927, 30.165714338982145, 30.771890060365497, 31.844675978839973, 478.120987141201]"
186;"40.84667,-73.93188 40.847331,-73.933501 40.8487104,-73.936901 40.84935,-73.93988 40.84962,-73.94175 40.8501204,-73.94462 40.851271,-73.95037 40.85172,-73.95283 40.8521,-73.95515 40.85295,-73.95957 40.85329,-73.96061 40.85352,-73.96142 40.853621,-73.96192";"[[40.84667, -73.93188], [40.847331, -73.933501], [40.8487104, -73.936901], [40.84935, -73.93988], [40.84962, -73.94175], [40.8501204, -73.94462], [40.851271, -73.95037], [40.85172, -73.95283], [40.8521, -73.95515], [40.85295, -73.95957], [40.85329, -73.96061], [40.85352, -73.96142], [40.853621, -73.96192]]";"[154.89799531470248, 324.5200332747068, 260.46678976488374, 160.12767100243838, 247.72753385532613, 500.26746469460215, 212.8457284951052, 199.65338938736969, 383.58137340708043, 95.29149294270437, 72.76834806475553, 43.52682885523996]"
344;"40.85513,-73.91865 40.8526305,-73.920881 40.85,-73.923291 40.84653,-73.92628 40.84525,-73.92703 40.84454,-73.927421 40.8442606,-73.927411 40.844,-73.927191 40.84387,-73.92681 40.84396,-73.92623 40.84438,-73.92534 40.8449,-73.92503 40.84539,-73.92532 40.84";"[[40.85513, -73.91865], [40.8526305, -73.920881], [40.85, -73.923291], [40.84653, -73.92628], [40.84525, -73.92703], [40.84454, -73.927421], [40.8442606, -73.927411], [40.844, -73.927191], [40.84387, -73.92681], [40.84396, -73.92623], [40.84438, -73.92534], [40.8449, -73.92503], [40.84539, -73.92532]]";"[335.3426555746502, 355.8700808766632, 460.52793561238934, 155.68441779347182, 85.52535493056915, 31.079248045203204, 34.3825585131841, 35.15820229998081, 49.80441308100763, 88.2373624880743, 63.429392412534675, 59.69699584461988]"
191;"40.8465405,-73.932021 40.84611,-73.93075 40.8452706,-73.92726 40.84496,-73.925931 40.8448206,-73.924811 40.8448206,-73.923691 40.84501,-73.92041 40.84523,-73.91556 40.8452404,-73.91198 40.8452006,-73.91082";"[[40.8465405, -73.932021], [40.84611, -73.93075], [40.8452706, -73.92726], [40.84496, -73.925931], [40.8448206, -73.924811], [40.8448206, -73.923691], [40.84501, -73.92041], [40.84523, -73.91556], [40.8452404, -73.91198], [40.8452006, -73.91082]]";"[117.1380755456566, 308.0457800524908, 117.0046353194986, 95.47774665400979, 94.21120431920693, 276.7903417820529, 408.69909427820477, 301.1397217403134, 97.67561111802975]"
190;"40.84671,-73.931941 40.8460306,-73.930181 40.84539,-73.92753 40.8456,-73.925891 40.8448604,-73.92471 40.84488,-73.92327 40.8451305,-73.91885 40.8452706,-73.913131 40.84516,-73.909371";"[[40.84671, -73.931941], [40.8460306, -73.930181], [40.84539, -73.92753], [40.8456, -73.925891], [40.8448604, -73.92471], [40.84488, -73.92327], [40.8451305, -73.91885], [40.8452706, -73.913131], [40.84516, -73.909371]]";"[166.2041478376001, 234.09220224491014, 139.83013151155674, 128.96573174849001, 121.14820576579301, 372.8386901081512, 481.31537793266466, 316.5175981018088]"
448;"40.77149,-73.99423 40.7719,-73.99401 40.77481,-73.99196 40.77839,-73.989341 40.77996,-73.988171 40.78128,-73.987011 40.7841305,-73.98492 40.78593,-73.98366 40.78773,-73.98286 40.7894805,-73.982121 40.79086,-73.981361 40.7923506,-73.98027 40.79319,-73.9795";"[[40.77149, -73.99423], [40.7719, -73.99401], [40.77481, -73.99196], [40.77839, -73.989341], [40.77996, -73.988171], [40.78128, -73.987011], [40.7841305, -73.98492], [40.78593, -73.98366], [40.78773, -73.98286], [40.7894805, -73.982121], [40.79086, -73.981361], [40.7923506, -73.98027], [40.79319, -73.9795]]";"[49.210364902684574, 366.7450787478411, 455.08152379453037, 200.45422220737052, 176.30392709339193, 362.57312409723244, 226.47683255422862, 211.179398114524, 204.3479510736388, 166.20227450174193, 189.49329371592282, 113.63787930847619]"
